"date_id","period_start","aggregation_level"
1,2015-01-01,"daily"
2,2015-01-01,"monthly"
3,2015-01-01,"yearly"
4,2015-01-02,"daily"
5,2015-01-03,"daily"
6,2015-01-04,"daily"
7,2015-01-05,"daily"
8,2015-01-06,"daily"
9,2015-01-07,"daily"
10,2015-01-08,"daily"
11,2015-01-09,"daily"
12,2015-01-10,"daily"
13,2015-01-11,"daily"
14,2015-01-12,"daily"
15,2015-01-13,"daily"
16,2015-01-14,"daily"
17,2015-01-15,"daily"
18,2015-01-16,"daily"
19,2015-01-17,"daily"
20,2015-01-18,"daily"
21,2015-01-19,"daily"
22,2015-01-20,"daily"
23,2015-01-21,"daily"
24,2015-01-22,"daily"
25,2015-01-23,"daily"
26,2015-01-24,"daily"
27,2015-01-25,"daily"
28,2015-01-26,"daily"
29,2015-01-27,"daily"
30,2015-01-28,"daily"
31,2015-01-29,"daily"
32,2015-01-30,"daily"
33,2015-01-31,"daily"
34,2015-02-01,"daily"
35,2015-02-01,"monthly"
36,2015-02-02,"daily"
37,2015-02-03,"daily"
38,2015-02-04,"daily"
39,2015-02-05,"daily"
40,2015-02-06,"daily"
41,2015-02-07,"daily"
42,2015-02-08,"daily"
43,2015-02-09,"daily"
44,2015-02-10,"daily"
45,2015-02-11,"daily"
46,2015-02-12,"daily"
47,2015-02-13,"daily"
48,2015-02-14,"daily"
49,2015-02-15,"daily"
50,2015-02-16,"daily"
51,2015-02-17,"daily"
52,2015-02-18,"daily"
53,2015-02-19,"daily"
54,2015-02-20,"daily"
55,2015-02-21,"daily"
56,2015-02-22,"daily"
57,2015-02-23,"daily"
58,2015-02-24,"daily"
59,2015-02-25,"daily"
60,2015-02-26,"daily"
61,2015-02-27,"daily"
62,2015-02-28,"daily"
63,2015-03-01,"daily"
64,2015-03-01,"monthly"
65,2015-03-02,"daily"
66,2015-03-03,"daily"
67,2015-03-04,"daily"
68,2015-03-05,"daily"
69,2015-03-06,"daily"
70,2015-03-07,"daily"
71,2015-03-08,"daily"
72,2015-03-09,"daily"
73,2015-03-10,"daily"
74,2015-03-11,"daily"
75,2015-03-12,"daily"
76,2015-03-13,"daily"
77,2015-03-14,"daily"
78,2015-03-15,"daily"
79,2015-03-16,"daily"
80,2015-03-17,"daily"
81,2015-03-18,"daily"
82,2015-03-19,"daily"
83,2015-03-20,"daily"
84,2015-03-21,"daily"
85,2015-03-22,"daily"
86,2015-03-23,"daily"
87,2015-03-24,"daily"
88,2015-03-25,"daily"
89,2015-03-26,"daily"
90,2015-03-27,"daily"
91,2015-03-28,"daily"
92,2015-03-29,"daily"
93,2015-03-30,"daily"
94,2015-03-31,"daily"
95,2015-04-01,"daily"
96,2015-04-01,"monthly"
97,2015-04-02,"daily"
98,2015-04-03,"daily"
99,2015-04-04,"daily"
100,2015-04-05,"daily"
101,2015-04-06,"daily"
102,2015-04-07,"daily"
103,2015-04-08,"daily"
104,2015-04-09,"daily"
105,2015-04-10,"daily"
106,2015-04-11,"daily"
107,2015-04-12,"daily"
108,2015-04-13,"daily"
109,2015-04-14,"daily"
110,2015-04-15,"daily"
111,2015-04-16,"daily"
112,2015-04-17,"daily"
113,2015-04-18,"daily"
114,2015-04-19,"daily"
115,2015-04-20,"daily"
116,2015-04-21,"daily"
117,2015-04-22,"daily"
118,2015-04-23,"daily"
119,2015-04-24,"daily"
120,2015-04-25,"daily"
121,2015-04-26,"daily"
122,2015-04-27,"daily"
123,2015-04-28,"daily"
124,2015-04-29,"daily"
125,2015-04-30,"daily"
126,2015-05-01,"daily"
127,2015-05-01,"monthly"
128,2015-05-02,"daily"
129,2015-05-03,"daily"
130,2015-05-04,"daily"
131,2015-05-05,"daily"
132,2015-05-06,"daily"
133,2015-05-07,"daily"
134,2015-05-08,"daily"
135,2015-05-09,"daily"
136,2015-05-10,"daily"
137,2015-05-11,"daily"
138,2015-05-12,"daily"
139,2015-05-13,"daily"
140,2015-05-14,"daily"
141,2015-05-15,"daily"
142,2015-05-16,"daily"
143,2015-05-17,"daily"
144,2015-05-18,"daily"
145,2015-05-19,"daily"
146,2015-05-20,"daily"
147,2015-05-21,"daily"
148,2015-05-22,"daily"
149,2015-05-23,"daily"
150,2015-05-24,"daily"
151,2015-05-25,"daily"
152,2015-05-26,"daily"
153,2015-05-27,"daily"
154,2015-05-28,"daily"
155,2015-05-29,"daily"
156,2015-05-30,"daily"
157,2015-05-31,"daily"
158,2015-06-01,"daily"
159,2015-06-01,"monthly"
160,2015-06-02,"daily"
161,2015-06-03,"daily"
162,2015-06-04,"daily"
163,2015-06-05,"daily"
164,2015-06-06,"daily"
165,2015-06-07,"daily"
166,2015-06-08,"daily"
167,2015-06-09,"daily"
168,2015-06-10,"daily"
169,2015-06-11,"daily"
170,2015-06-12,"daily"
171,2015-06-13,"daily"
172,2015-06-14,"daily"
173,2015-06-15,"daily"
174,2015-06-16,"daily"
175,2015-06-17,"daily"
176,2015-06-18,"daily"
177,2015-06-19,"daily"
178,2015-06-20,"daily"
179,2015-06-21,"daily"
180,2015-06-22,"daily"
181,2015-06-23,"daily"
182,2015-06-24,"daily"
183,2015-06-25,"daily"
184,2015-06-26,"daily"
185,2015-06-27,"daily"
186,2015-06-28,"daily"
187,2015-06-29,"daily"
188,2015-06-30,"daily"
189,2015-07-01,"daily"
190,2015-07-01,"monthly"
191,2015-07-02,"daily"
192,2015-07-03,"daily"
193,2015-07-04,"daily"
194,2015-07-05,"daily"
195,2015-07-06,"daily"
196,2015-07-07,"daily"
197,2015-07-08,"daily"
198,2015-07-09,"daily"
199,2015-07-10,"daily"
200,2015-07-11,"daily"
201,2015-07-12,"daily"
202,2015-07-13,"daily"
203,2015-07-14,"daily"
204,2015-07-15,"daily"
205,2015-07-16,"daily"
206,2015-07-17,"daily"
207,2015-07-18,"daily"
208,2015-07-19,"daily"
209,2015-07-20,"daily"
210,2015-07-21,"daily"
211,2015-07-22,"daily"
212,2015-07-23,"daily"
213,2015-07-24,"daily"
214,2015-07-25,"daily"
215,2015-07-26,"daily"
216,2015-07-27,"daily"
217,2015-07-28,"daily"
218,2015-07-29,"daily"
219,2015-07-30,"daily"
220,2015-07-31,"daily"
221,2015-08-01,"daily"
222,2015-08-01,"monthly"
223,2015-08-02,"daily"
224,2015-08-03,"daily"
225,2015-08-04,"daily"
226,2015-08-05,"daily"
227,2015-08-06,"daily"
228,2015-08-07,"daily"
229,2015-08-08,"daily"
230,2015-08-09,"daily"
231,2015-08-10,"daily"
232,2015-08-11,"daily"
233,2015-08-12,"daily"
234,2015-08-13,"daily"
235,2015-08-14,"daily"
236,2015-08-15,"daily"
237,2015-08-16,"daily"
238,2015-08-17,"daily"
239,2015-08-18,"daily"
240,2015-08-19,"daily"
241,2015-08-20,"daily"
242,2015-08-21,"daily"
243,2015-08-22,"daily"
244,2015-08-23,"daily"
245,2015-08-24,"daily"
246,2015-08-25,"daily"
247,2015-08-26,"daily"
248,2015-08-27,"daily"
249,2015-08-28,"daily"
250,2015-08-29,"daily"
251,2015-08-30,"daily"
252,2015-08-31,"daily"
253,2015-09-01,"daily"
254,2015-09-01,"monthly"
255,2015-09-02,"daily"
256,2015-09-03,"daily"
257,2015-09-04,"daily"
258,2015-09-05,"daily"
259,2015-09-06,"daily"
260,2015-09-07,"daily"
261,2015-09-08,"daily"
262,2015-09-09,"daily"
263,2015-09-10,"daily"
264,2015-09-11,"daily"
265,2015-09-12,"daily"
266,2015-09-13,"daily"
267,2015-09-14,"daily"
268,2015-09-15,"daily"
269,2015-09-16,"daily"
270,2015-09-17,"daily"
271,2015-09-18,"daily"
272,2015-09-19,"daily"
273,2015-09-20,"daily"
274,2015-09-21,"daily"
275,2015-09-22,"daily"
276,2015-09-23,"daily"
277,2015-09-24,"daily"
278,2015-09-25,"daily"
279,2015-09-26,"daily"
280,2015-09-27,"daily"
281,2015-09-28,"daily"
282,2015-09-29,"daily"
283,2015-09-30,"daily"
284,2015-10-01,"daily"
285,2015-10-01,"monthly"
286,2015-10-02,"daily"
287,2015-10-03,"daily"
288,2015-10-04,"daily"
289,2015-10-05,"daily"
290,2015-10-06,"daily"
291,2015-10-07,"daily"
292,2015-10-08,"daily"
293,2015-10-09,"daily"
294,2015-10-10,"daily"
295,2015-10-11,"daily"
296,2015-10-12,"daily"
297,2015-10-13,"daily"
298,2015-10-14,"daily"
299,2015-10-15,"daily"
300,2015-10-16,"daily"
301,2015-10-17,"daily"
302,2015-10-18,"daily"
303,2015-10-19,"daily"
304,2015-10-20,"daily"
305,2015-10-21,"daily"
306,2015-10-22,"daily"
307,2015-10-23,"daily"
308,2015-10-24,"daily"
309,2015-10-25,"daily"
310,2015-10-26,"daily"
311,2015-10-27,"daily"
312,2015-10-28,"daily"
313,2015-10-29,"daily"
314,2015-10-30,"daily"
315,2015-10-31,"daily"
316,2015-11-01,"daily"
317,2015-11-01,"monthly"
318,2015-11-02,"daily"
319,2015-11-03,"daily"
320,2015-11-04,"daily"
321,2015-11-05,"daily"
322,2015-11-06,"daily"
323,2015-11-07,"daily"
324,2015-11-08,"daily"
325,2015-11-09,"daily"
326,2015-11-10,"daily"
327,2015-11-11,"daily"
328,2015-11-12,"daily"
329,2015-11-13,"daily"
330,2015-11-14,"daily"
331,2015-11-15,"daily"
332,2015-11-16,"daily"
333,2015-11-17,"daily"
334,2015-11-18,"daily"
335,2015-11-19,"daily"
336,2015-11-20,"daily"
337,2015-11-21,"daily"
338,2015-11-22,"daily"
339,2015-11-23,"daily"
340,2015-11-24,"daily"
341,2015-11-25,"daily"
342,2015-11-26,"daily"
343,2015-11-27,"daily"
344,2015-11-28,"daily"
345,2015-11-29,"daily"
346,2015-11-30,"daily"
347,2015-12-01,"daily"
348,2015-12-01,"monthly"
349,2015-12-02,"daily"
350,2015-12-03,"daily"
351,2015-12-04,"daily"
352,2015-12-05,"daily"
353,2015-12-06,"daily"
354,2015-12-07,"daily"
355,2015-12-08,"daily"
356,2015-12-09,"daily"
357,2015-12-10,"daily"
358,2015-12-11,"daily"
359,2015-12-12,"daily"
360,2015-12-13,"daily"
361,2015-12-14,"daily"
362,2015-12-15,"daily"
363,2015-12-16,"daily"
364,2015-12-17,"daily"
365,2015-12-18,"daily"
366,2015-12-19,"daily"
367,2015-12-20,"daily"
368,2015-12-21,"daily"
369,2015-12-22,"daily"
370,2015-12-23,"daily"
371,2015-12-24,"daily"
372,2015-12-25,"daily"
373,2015-12-26,"daily"
374,2015-12-27,"daily"
375,2015-12-28,"daily"
376,2015-12-29,"daily"
377,2015-12-30,"daily"
378,2015-12-31,"daily"
379,2016-01-01,"daily"
380,2016-01-01,"monthly"
381,2016-01-01,"yearly"
382,2016-01-02,"daily"
383,2016-01-03,"daily"
384,2016-01-04,"daily"
385,2016-01-05,"daily"
386,2016-01-06,"daily"
387,2016-01-07,"daily"
388,2016-01-08,"daily"
389,2016-01-09,"daily"
390,2016-01-10,"daily"
391,2016-01-11,"daily"
392,2016-01-12,"daily"
393,2016-01-13,"daily"
394,2016-01-14,"daily"
395,2016-01-15,"daily"
396,2016-01-16,"daily"
397,2016-01-17,"daily"
398,2016-01-18,"daily"
399,2016-01-19,"daily"
400,2016-01-20,"daily"
401,2016-01-21,"daily"
402,2016-01-22,"daily"
403,2016-01-23,"daily"
404,2016-01-24,"daily"
405,2016-01-25,"daily"
406,2016-01-26,"daily"
407,2016-01-27,"daily"
408,2016-01-28,"daily"
409,2016-01-29,"daily"
410,2016-01-30,"daily"
411,2016-01-31,"daily"
412,2016-02-01,"daily"
413,2016-02-01,"monthly"
414,2016-02-02,"daily"
415,2016-02-03,"daily"
416,2016-02-04,"daily"
417,2016-02-05,"daily"
418,2016-02-06,"daily"
419,2016-02-07,"daily"
420,2016-02-08,"daily"
421,2016-02-09,"daily"
422,2016-02-10,"daily"
423,2016-02-11,"daily"
424,2016-02-12,"daily"
425,2016-02-13,"daily"
426,2016-02-14,"daily"
427,2016-02-15,"daily"
428,2016-02-16,"daily"
429,2016-02-17,"daily"
430,2016-02-18,"daily"
431,2016-02-19,"daily"
432,2016-02-20,"daily"
433,2016-02-21,"daily"
434,2016-02-22,"daily"
435,2016-02-23,"daily"
436,2016-02-24,"daily"
437,2016-02-25,"daily"
438,2016-02-26,"daily"
439,2016-02-27,"daily"
440,2016-02-28,"daily"
441,2016-02-29,"daily"
442,2016-03-01,"daily"
443,2016-03-01,"monthly"
444,2016-03-02,"daily"
445,2016-03-03,"daily"
446,2016-03-04,"daily"
447,2016-03-05,"daily"
448,2016-03-06,"daily"
449,2016-03-07,"daily"
450,2016-03-08,"daily"
451,2016-03-09,"daily"
452,2016-03-10,"daily"
453,2016-03-11,"daily"
454,2016-03-12,"daily"
455,2016-03-13,"daily"
456,2016-03-14,"daily"
457,2016-03-15,"daily"
458,2016-03-16,"daily"
459,2016-03-17,"daily"
460,2016-03-18,"daily"
461,2016-03-19,"daily"
462,2016-03-20,"daily"
463,2016-03-21,"daily"
464,2016-03-22,"daily"
465,2016-03-23,"daily"
466,2016-03-24,"daily"
467,2016-03-25,"daily"
468,2016-03-26,"daily"
469,2016-03-27,"daily"
470,2016-03-28,"daily"
471,2016-03-29,"daily"
472,2016-03-30,"daily"
473,2016-03-31,"daily"
474,2016-04-01,"daily"
475,2016-04-01,"monthly"
476,2016-04-02,"daily"
477,2016-04-03,"daily"
478,2016-04-04,"daily"
479,2016-04-05,"daily"
480,2016-04-06,"daily"
481,2016-04-07,"daily"
482,2016-04-08,"daily"
483,2016-04-09,"daily"
484,2016-04-10,"daily"
485,2016-04-11,"daily"
486,2016-04-12,"daily"
487,2016-04-13,"daily"
488,2016-04-14,"daily"
489,2016-04-15,"daily"
490,2016-04-16,"daily"
491,2016-04-17,"daily"
492,2016-04-18,"daily"
493,2016-04-19,"daily"
494,2016-04-20,"daily"
495,2016-04-21,"daily"
496,2016-04-22,"daily"
497,2016-04-23,"daily"
498,2016-04-24,"daily"
499,2016-04-25,"daily"
500,2016-04-26,"daily"
501,2016-04-27,"daily"
502,2016-04-28,"daily"
503,2016-04-29,"daily"
504,2016-04-30,"daily"
505,2016-05-01,"daily"
506,2016-05-01,"monthly"
507,2016-05-02,"daily"
508,2016-05-03,"daily"
509,2016-05-04,"daily"
510,2016-05-05,"daily"
511,2016-05-06,"daily"
512,2016-05-07,"daily"
513,2016-05-08,"daily"
514,2016-05-09,"daily"
515,2016-05-10,"daily"
516,2016-05-11,"daily"
517,2016-05-12,"daily"
518,2016-05-13,"daily"
519,2016-05-14,"daily"
520,2016-05-15,"daily"
521,2016-05-16,"daily"
522,2016-05-17,"daily"
523,2016-05-18,"daily"
524,2016-05-19,"daily"
525,2016-05-20,"daily"
526,2016-05-21,"daily"
527,2016-05-22,"daily"
528,2016-05-23,"daily"
529,2016-05-24,"daily"
530,2016-05-25,"daily"
531,2016-05-26,"daily"
532,2016-05-27,"daily"
533,2016-05-28,"daily"
534,2016-05-29,"daily"
535,2016-05-30,"daily"
536,2016-05-31,"daily"
537,2016-06-01,"daily"
538,2016-06-01,"monthly"
539,2016-06-02,"daily"
540,2016-06-03,"daily"
541,2016-06-04,"daily"
542,2016-06-05,"daily"
543,2016-06-06,"daily"
544,2016-06-07,"daily"
545,2016-06-08,"daily"
546,2016-06-09,"daily"
547,2016-06-10,"daily"
548,2016-06-11,"daily"
549,2016-06-12,"daily"
550,2016-06-13,"daily"
551,2016-06-14,"daily"
552,2016-06-15,"daily"
553,2016-06-16,"daily"
554,2016-06-17,"daily"
555,2016-06-18,"daily"
556,2016-06-19,"daily"
557,2016-06-20,"daily"
558,2016-06-21,"daily"
559,2016-06-22,"daily"
560,2016-06-23,"daily"
561,2016-06-24,"daily"
562,2016-06-25,"daily"
563,2016-06-26,"daily"
564,2016-06-27,"daily"
565,2016-06-28,"daily"
566,2016-06-29,"daily"
567,2016-06-30,"daily"
568,2016-07-01,"daily"
569,2016-07-01,"monthly"
570,2016-07-02,"daily"
571,2016-07-03,"daily"
572,2016-07-04,"daily"
573,2016-07-05,"daily"
574,2016-07-06,"daily"
575,2016-07-07,"daily"
576,2016-07-08,"daily"
577,2016-07-09,"daily"
578,2016-07-10,"daily"
579,2016-07-11,"daily"
580,2016-07-12,"daily"
581,2016-07-13,"daily"
582,2016-07-14,"daily"
583,2016-07-15,"daily"
584,2016-07-16,"daily"
585,2016-07-17,"daily"
586,2016-07-18,"daily"
587,2016-07-19,"daily"
588,2016-07-20,"daily"
589,2016-07-21,"daily"
590,2016-07-22,"daily"
591,2016-07-23,"daily"
592,2016-07-24,"daily"
593,2016-07-25,"daily"
594,2016-07-26,"daily"
595,2016-07-27,"daily"
596,2016-07-28,"daily"
597,2016-07-29,"daily"
598,2016-07-30,"daily"
599,2016-07-31,"daily"
600,2016-08-01,"daily"
601,2016-08-01,"monthly"
602,2016-08-02,"daily"
603,2016-08-03,"daily"
604,2016-08-04,"daily"
605,2016-08-05,"daily"
606,2016-08-06,"daily"
607,2016-08-07,"daily"
608,2016-08-08,"daily"
609,2016-08-09,"daily"
610,2016-08-10,"daily"
611,2016-08-11,"daily"
612,2016-08-12,"daily"
613,2016-08-13,"daily"
614,2016-08-14,"daily"
615,2016-08-15,"daily"
616,2016-08-16,"daily"
617,2016-08-17,"daily"
618,2016-08-18,"daily"
619,2016-08-19,"daily"
620,2016-08-20,"daily"
621,2016-08-21,"daily"
622,2016-08-22,"daily"
623,2016-08-23,"daily"
624,2016-08-24,"daily"
625,2016-08-25,"daily"
626,2016-08-26,"daily"
627,2016-08-27,"daily"
628,2016-08-28,"daily"
629,2016-08-29,"daily"
630,2016-08-30,"daily"
631,2016-08-31,"daily"
632,2016-09-01,"daily"
633,2016-09-01,"monthly"
634,2016-09-02,"daily"
635,2016-09-03,"daily"
636,2016-09-04,"daily"
637,2016-09-05,"daily"
638,2016-09-06,"daily"
639,2016-09-07,"daily"
640,2016-09-08,"daily"
641,2016-09-09,"daily"
642,2016-09-10,"daily"
643,2016-09-11,"daily"
644,2016-09-12,"daily"
645,2016-09-13,"daily"
646,2016-09-14,"daily"
647,2016-09-15,"daily"
648,2016-09-16,"daily"
649,2016-09-17,"daily"
650,2016-09-18,"daily"
651,2016-09-19,"daily"
652,2016-09-20,"daily"
653,2016-09-21,"daily"
654,2016-09-22,"daily"
655,2016-09-23,"daily"
656,2016-09-24,"daily"
657,2016-09-25,"daily"
658,2016-09-26,"daily"
659,2016-09-27,"daily"
660,2016-09-28,"daily"
661,2016-09-29,"daily"
662,2016-09-30,"daily"
663,2016-10-01,"daily"
664,2016-10-01,"monthly"
665,2016-10-02,"daily"
666,2016-10-03,"daily"
667,2016-10-04,"daily"
668,2016-10-05,"daily"
669,2016-10-06,"daily"
670,2016-10-07,"daily"
671,2016-10-08,"daily"
672,2016-10-09,"daily"
673,2016-10-10,"daily"
674,2016-10-11,"daily"
675,2016-10-12,"daily"
676,2016-10-13,"daily"
677,2016-10-14,"daily"
678,2016-10-15,"daily"
679,2016-10-16,"daily"
680,2016-10-17,"daily"
681,2016-10-18,"daily"
682,2016-10-19,"daily"
683,2016-10-20,"daily"
684,2016-10-21,"daily"
685,2016-10-22,"daily"
686,2016-10-23,"daily"
687,2016-10-24,"daily"
688,2016-10-25,"daily"
689,2016-10-26,"daily"
690,2016-10-27,"daily"
691,2016-10-28,"daily"
692,2016-10-29,"daily"
693,2016-10-30,"daily"
694,2016-10-31,"daily"
695,2016-11-01,"daily"
696,2016-11-01,"monthly"
697,2016-11-02,"daily"
698,2016-11-03,"daily"
699,2016-11-04,"daily"
700,2016-11-05,"daily"
701,2016-11-06,"daily"
702,2016-11-07,"daily"
703,2016-11-08,"daily"
704,2016-11-09,"daily"
705,2016-11-10,"daily"
706,2016-11-11,"daily"
707,2016-11-12,"daily"
708,2016-11-13,"daily"
709,2016-11-14,"daily"
710,2016-11-15,"daily"
711,2016-11-16,"daily"
712,2016-11-17,"daily"
713,2016-11-18,"daily"
714,2016-11-19,"daily"
715,2016-11-20,"daily"
716,2016-11-21,"daily"
717,2016-11-22,"daily"
718,2016-11-23,"daily"
719,2016-11-24,"daily"
720,2016-11-25,"daily"
721,2016-11-26,"daily"
722,2016-11-27,"daily"
723,2016-11-28,"daily"
724,2016-11-29,"daily"
725,2016-11-30,"daily"
726,2016-12-01,"daily"
727,2016-12-01,"monthly"
728,2016-12-02,"daily"
729,2016-12-03,"daily"
730,2016-12-04,"daily"
731,2016-12-05,"daily"
732,2016-12-06,"daily"
733,2016-12-07,"daily"
734,2016-12-08,"daily"
735,2016-12-09,"daily"
736,2016-12-10,"daily"
737,2016-12-11,"daily"
738,2016-12-12,"daily"
739,2016-12-13,"daily"
740,2016-12-14,"daily"
741,2016-12-15,"daily"
742,2016-12-16,"daily"
743,2016-12-17,"daily"
744,2016-12-18,"daily"
745,2016-12-19,"daily"
746,2016-12-20,"daily"
747,2016-12-21,"daily"
748,2016-12-22,"daily"
749,2016-12-23,"daily"
750,2016-12-24,"daily"
751,2016-12-25,"daily"
752,2016-12-26,"daily"
753,2016-12-27,"daily"
754,2016-12-28,"daily"
755,2016-12-29,"daily"
756,2016-12-30,"daily"
757,2016-12-31,"daily"
758,2017-01-01,"daily"
759,2017-01-01,"monthly"
760,2017-01-01,"yearly"
761,2017-01-02,"daily"
762,2017-01-03,"daily"
763,2017-01-04,"daily"
764,2017-01-05,"daily"
765,2017-01-06,"daily"
766,2017-01-07,"daily"
767,2017-01-08,"daily"
768,2017-01-09,"daily"
769,2017-01-10,"daily"
770,2017-01-11,"daily"
771,2017-01-12,"daily"
772,2017-01-13,"daily"
773,2017-01-14,"daily"
774,2017-01-15,"daily"
775,2017-01-16,"daily"
776,2017-01-17,"daily"
777,2017-01-18,"daily"
778,2017-01-19,"daily"
779,2017-01-20,"daily"
780,2017-01-21,"daily"
781,2017-01-22,"daily"
782,2017-01-23,"daily"
783,2017-01-24,"daily"
784,2017-01-25,"daily"
785,2017-01-26,"daily"
786,2017-01-27,"daily"
787,2017-01-28,"daily"
788,2017-01-29,"daily"
789,2017-01-30,"daily"
790,2017-01-31,"daily"
791,2017-02-01,"daily"
792,2017-02-01,"monthly"
793,2017-02-02,"daily"
794,2017-02-03,"daily"
795,2017-02-04,"daily"
796,2017-02-05,"daily"
797,2017-02-06,"daily"
798,2017-02-07,"daily"
799,2017-02-08,"daily"
800,2017-02-09,"daily"
801,2017-02-10,"daily"
802,2017-02-11,"daily"
803,2017-02-12,"daily"
804,2017-02-13,"daily"
805,2017-02-14,"daily"
806,2017-02-15,"daily"
807,2017-02-16,"daily"
808,2017-02-17,"daily"
809,2017-02-18,"daily"
810,2017-02-19,"daily"
811,2017-02-20,"daily"
812,2017-02-21,"daily"
813,2017-02-22,"daily"
814,2017-02-23,"daily"
815,2017-02-24,"daily"
816,2017-02-25,"daily"
817,2017-02-26,"daily"
818,2017-02-27,"daily"
819,2017-02-28,"daily"
820,2017-03-01,"daily"
821,2017-03-01,"monthly"
822,2017-03-02,"daily"
823,2017-03-03,"daily"
824,2017-03-04,"daily"
825,2017-03-05,"daily"
826,2017-03-06,"daily"
827,2017-03-07,"daily"
828,2017-03-08,"daily"
829,2017-03-09,"daily"
830,2017-03-10,"daily"
831,2017-03-11,"daily"
832,2017-03-12,"daily"
833,2017-03-13,"daily"
834,2017-03-14,"daily"
835,2017-03-15,"daily"
836,2017-03-16,"daily"
837,2017-03-17,"daily"
838,2017-03-18,"daily"
839,2017-03-19,"daily"
840,2017-03-20,"daily"
841,2017-03-21,"daily"
842,2017-03-22,"daily"
843,2017-03-23,"daily"
844,2017-03-24,"daily"
845,2017-03-25,"daily"
846,2017-03-26,"daily"
847,2017-03-27,"daily"
848,2017-03-28,"daily"
849,2017-03-29,"daily"
850,2017-03-30,"daily"
851,2017-03-31,"daily"
852,2017-04-01,"daily"
853,2017-04-01,"monthly"
854,2017-04-02,"daily"
855,2017-04-03,"daily"
856,2017-04-04,"daily"
857,2017-04-05,"daily"
858,2017-04-06,"daily"
859,2017-04-07,"daily"
860,2017-04-08,"daily"
861,2017-04-09,"daily"
862,2017-04-10,"daily"
863,2017-04-11,"daily"
864,2017-04-12,"daily"
865,2017-04-13,"daily"
866,2017-04-14,"daily"
867,2017-04-15,"daily"
868,2017-04-16,"daily"
869,2017-04-17,"daily"
870,2017-04-18,"daily"
871,2017-04-19,"daily"
872,2017-04-20,"daily"
873,2017-04-21,"daily"
874,2017-04-22,"daily"
875,2017-04-23,"daily"
876,2017-04-24,"daily"
877,2017-04-25,"daily"
878,2017-04-26,"daily"
879,2017-04-27,"daily"
880,2017-04-28,"daily"
881,2017-04-29,"daily"
882,2017-04-30,"daily"
883,2017-05-01,"daily"
884,2017-05-01,"monthly"
885,2017-05-02,"daily"
886,2017-05-03,"daily"
887,2017-05-04,"daily"
888,2017-05-05,"daily"
889,2017-05-06,"daily"
890,2017-05-07,"daily"
891,2017-05-08,"daily"
892,2017-05-09,"daily"
893,2017-05-10,"daily"
894,2017-05-11,"daily"
895,2017-05-12,"daily"
896,2017-05-13,"daily"
897,2017-05-14,"daily"
898,2017-05-15,"daily"
899,2017-05-16,"daily"
900,2017-05-17,"daily"
901,2017-05-18,"daily"
902,2017-05-19,"daily"
903,2017-05-20,"daily"
904,2017-05-21,"daily"
905,2017-05-22,"daily"
906,2017-05-23,"daily"
907,2017-05-24,"daily"
908,2017-05-25,"daily"
909,2017-05-26,"daily"
910,2017-05-27,"daily"
911,2017-05-28,"daily"
912,2017-05-29,"daily"
913,2017-05-30,"daily"
914,2017-05-31,"daily"
915,2017-06-01,"daily"
916,2017-06-01,"monthly"
917,2017-06-02,"daily"
918,2017-06-03,"daily"
919,2017-06-04,"daily"
920,2017-06-05,"daily"
921,2017-06-06,"daily"
922,2017-06-07,"daily"
923,2017-06-08,"daily"
924,2017-06-09,"daily"
925,2017-06-10,"daily"
926,2017-06-11,"daily"
927,2017-06-12,"daily"
928,2017-06-13,"daily"
929,2017-06-14,"daily"
930,2017-06-15,"daily"
931,2017-06-16,"daily"
932,2017-06-17,"daily"
933,2017-06-18,"daily"
934,2017-06-19,"daily"
935,2017-06-20,"daily"
936,2017-06-21,"daily"
937,2017-06-22,"daily"
938,2017-06-23,"daily"
939,2017-06-24,"daily"
940,2017-06-25,"daily"
941,2017-06-26,"daily"
942,2017-06-27,"daily"
943,2017-06-28,"daily"
944,2017-06-29,"daily"
945,2017-06-30,"daily"
946,2017-07-01,"daily"
947,2017-07-01,"monthly"
948,2017-07-02,"daily"
949,2017-07-03,"daily"
950,2017-07-04,"daily"
951,2017-07-05,"daily"
952,2017-07-06,"daily"
953,2017-07-07,"daily"
954,2017-07-08,"daily"
955,2017-07-09,"daily"
956,2017-07-10,"daily"
957,2017-07-11,"daily"
958,2017-07-12,"daily"
959,2017-07-13,"daily"
960,2017-07-14,"daily"
961,2017-07-15,"daily"
962,2017-07-16,"daily"
963,2017-07-17,"daily"
964,2017-07-18,"daily"
965,2017-07-19,"daily"
966,2017-07-20,"daily"
967,2017-07-21,"daily"
968,2017-07-22,"daily"
969,2017-07-23,"daily"
970,2017-07-24,"daily"
971,2017-07-25,"daily"
972,2017-07-26,"daily"
973,2017-07-27,"daily"
974,2017-07-28,"daily"
975,2017-07-29,"daily"
976,2017-07-30,"daily"
977,2017-07-31,"daily"
978,2017-08-01,"daily"
979,2017-08-01,"monthly"
980,2017-08-02,"daily"
981,2017-08-03,"daily"
982,2017-08-04,"daily"
983,2017-08-05,"daily"
984,2017-08-06,"daily"
985,2017-08-07,"daily"
986,2017-08-08,"daily"
987,2017-08-09,"daily"
988,2017-08-10,"daily"
989,2017-08-11,"daily"
990,2017-08-12,"daily"
991,2017-08-13,"daily"
992,2017-08-14,"daily"
993,2017-08-15,"daily"
994,2017-08-16,"daily"
995,2017-08-17,"daily"
996,2017-08-18,"daily"
997,2017-08-19,"daily"
998,2017-08-20,"daily"
999,2017-08-21,"daily"
1000,2017-08-22,"daily"
1001,2017-08-23,"daily"
1002,2017-08-24,"daily"
1003,2017-08-25,"daily"
1004,2017-08-26,"daily"
1005,2017-08-27,"daily"
1006,2017-08-28,"daily"
1007,2017-08-29,"daily"
1008,2017-08-30,"daily"
1009,2017-08-31,"daily"
1010,2017-09-01,"daily"
1011,2017-09-01,"monthly"
1012,2017-09-02,"daily"
1013,2017-09-03,"daily"
1014,2017-09-04,"daily"
1015,2017-09-05,"daily"
1016,2017-09-06,"daily"
1017,2017-09-07,"daily"
1018,2017-09-08,"daily"
1019,2017-09-09,"daily"
1020,2017-09-10,"daily"
1021,2017-09-11,"daily"
1022,2017-09-12,"daily"
1023,2017-09-13,"daily"
1024,2017-09-14,"daily"
1025,2017-09-15,"daily"
1026,2017-09-16,"daily"
1027,2017-09-17,"daily"
1028,2017-09-18,"daily"
1029,2017-09-19,"daily"
1030,2017-09-20,"daily"
1031,2017-09-21,"daily"
1032,2017-09-22,"daily"
1033,2017-09-23,"daily"
1034,2017-09-24,"daily"
1035,2017-09-25,"daily"
1036,2017-09-26,"daily"
1037,2017-09-27,"daily"
1038,2017-09-28,"daily"
1039,2017-09-29,"daily"
1040,2017-09-30,"daily"
1041,2017-10-01,"daily"
1042,2017-10-01,"monthly"
1043,2017-10-02,"daily"
1044,2017-10-03,"daily"
1045,2017-10-04,"daily"
1046,2017-10-05,"daily"
1047,2017-10-06,"daily"
1048,2017-10-07,"daily"
1049,2017-10-08,"daily"
1050,2017-10-09,"daily"
1051,2017-10-10,"daily"
1052,2017-10-11,"daily"
1053,2017-10-12,"daily"
1054,2017-10-13,"daily"
1055,2017-10-14,"daily"
1056,2017-10-15,"daily"
1057,2017-10-16,"daily"
1058,2017-10-17,"daily"
1059,2017-10-18,"daily"
1060,2017-10-19,"daily"
1061,2017-10-20,"daily"
1062,2017-10-21,"daily"
1063,2017-10-22,"daily"
1064,2017-10-23,"daily"
1065,2017-10-24,"daily"
1066,2017-10-25,"daily"
1067,2017-10-26,"daily"
1068,2017-10-27,"daily"
1069,2017-10-28,"daily"
1070,2017-10-29,"daily"
1071,2017-10-30,"daily"
1072,2017-10-31,"daily"
1073,2017-11-01,"daily"
1074,2017-11-01,"monthly"
1075,2017-11-02,"daily"
1076,2017-11-03,"daily"
1077,2017-11-04,"daily"
1078,2017-11-05,"daily"
1079,2017-11-06,"daily"
1080,2017-11-07,"daily"
1081,2017-11-08,"daily"
1082,2017-11-09,"daily"
1083,2017-11-10,"daily"
1084,2017-11-11,"daily"
1085,2017-11-12,"daily"
1086,2017-11-13,"daily"
1087,2017-11-14,"daily"
1088,2017-11-15,"daily"
1089,2017-11-16,"daily"
1090,2017-11-17,"daily"
1091,2017-11-18,"daily"
1092,2017-11-19,"daily"
1093,2017-11-20,"daily"
1094,2017-11-21,"daily"
1095,2017-11-22,"daily"
1096,2017-11-23,"daily"
1097,2017-11-24,"daily"
1098,2017-11-25,"daily"
1099,2017-11-26,"daily"
1100,2017-11-27,"daily"
1101,2017-11-28,"daily"
1102,2017-11-29,"daily"
1103,2017-11-30,"daily"
1104,2017-12-01,"daily"
1105,2017-12-01,"monthly"
1106,2017-12-02,"daily"
1107,2017-12-03,"daily"
1108,2017-12-04,"daily"
1109,2017-12-05,"daily"
1110,2017-12-06,"daily"
1111,2017-12-07,"daily"
1112,2017-12-08,"daily"
1113,2017-12-09,"daily"
1114,2017-12-10,"daily"
1115,2017-12-11,"daily"
1116,2017-12-12,"daily"
1117,2017-12-13,"daily"
1118,2017-12-14,"daily"
1119,2017-12-15,"daily"
1120,2017-12-16,"daily"
1121,2017-12-17,"daily"
1122,2017-12-18,"daily"
1123,2017-12-19,"daily"
1124,2017-12-20,"daily"
1125,2017-12-21,"daily"
1126,2017-12-22,"daily"
1127,2017-12-23,"daily"
1128,2017-12-24,"daily"
1129,2017-12-25,"daily"
1130,2017-12-26,"daily"
1131,2017-12-27,"daily"
1132,2017-12-28,"daily"
1133,2017-12-29,"daily"
1134,2017-12-30,"daily"
1135,2017-12-31,"daily"
1136,2018-01-01,"daily"
1137,2018-01-01,"monthly"
1138,2018-01-01,"yearly"
1139,2018-01-02,"daily"
1140,2018-01-03,"daily"
1141,2018-01-04,"daily"
1142,2018-01-05,"daily"
1143,2018-01-06,"daily"
1144,2018-01-07,"daily"
1145,2018-01-08,"daily"
1146,2018-01-09,"daily"
1147,2018-01-10,"daily"
1148,2018-01-11,"daily"
1149,2018-01-12,"daily"
1150,2018-01-13,"daily"
1151,2018-01-14,"daily"
1152,2018-01-15,"daily"
1153,2018-01-16,"daily"
1154,2018-01-17,"daily"
1155,2018-01-18,"daily"
1156,2018-01-19,"daily"
1157,2018-01-20,"daily"
1158,2018-01-21,"daily"
1159,2018-01-22,"daily"
1160,2018-01-23,"daily"
1161,2018-01-24,"daily"
1162,2018-01-25,"daily"
1163,2018-01-26,"daily"
1164,2018-01-27,"daily"
1165,2018-01-28,"daily"
1166,2018-01-29,"daily"
1167,2018-01-30,"daily"
1168,2018-01-31,"daily"
1169,2018-02-01,"daily"
1170,2018-02-01,"monthly"
1171,2018-02-02,"daily"
1172,2018-02-03,"daily"
1173,2018-02-04,"daily"
1174,2018-02-05,"daily"
1175,2018-02-06,"daily"
1176,2018-02-07,"daily"
1177,2018-02-08,"daily"
1178,2018-02-09,"daily"
1179,2018-02-10,"daily"
1180,2018-02-11,"daily"
1181,2018-02-12,"daily"
1182,2018-02-13,"daily"
1183,2018-02-14,"daily"
1184,2018-02-15,"daily"
1185,2018-02-16,"daily"
1186,2018-02-17,"daily"
1187,2018-02-18,"daily"
1188,2018-02-19,"daily"
1189,2018-02-20,"daily"
1190,2018-02-21,"daily"
1191,2018-02-22,"daily"
1192,2018-02-23,"daily"
1193,2018-02-24,"daily"
1194,2018-02-25,"daily"
1195,2018-02-26,"daily"
1196,2018-02-27,"daily"
1197,2018-02-28,"daily"
1198,2018-03-01,"daily"
1199,2018-03-01,"monthly"
1200,2018-03-02,"daily"
1201,2018-03-03,"daily"
1202,2018-03-04,"daily"
1203,2018-03-05,"daily"
1204,2018-03-06,"daily"
1205,2018-03-07,"daily"
1206,2018-03-08,"daily"
1207,2018-03-09,"daily"
1208,2018-03-10,"daily"
1209,2018-03-11,"daily"
1210,2018-03-12,"daily"
1211,2018-03-13,"daily"
1212,2018-03-14,"daily"
1213,2018-03-15,"daily"
1214,2018-03-16,"daily"
1215,2018-03-17,"daily"
1216,2018-03-18,"daily"
1217,2018-03-19,"daily"
1218,2018-03-20,"daily"
1219,2018-03-21,"daily"
1220,2018-03-22,"daily"
1221,2018-03-23,"daily"
1222,2018-03-24,"daily"
1223,2018-03-25,"daily"
1224,2018-03-26,"daily"
1225,2018-03-27,"daily"
1226,2018-03-28,"daily"
1227,2018-03-29,"daily"
1228,2018-03-30,"daily"
1229,2018-03-31,"daily"
1230,2018-04-01,"daily"
1231,2018-04-01,"monthly"
1232,2018-04-02,"daily"
1233,2018-04-03,"daily"
1234,2018-04-04,"daily"
1235,2018-04-05,"daily"
1236,2018-04-06,"daily"
1237,2018-04-07,"daily"
1238,2018-04-08,"daily"
1239,2018-04-09,"daily"
1240,2018-04-10,"daily"
1241,2018-04-11,"daily"
1242,2018-04-12,"daily"
1243,2018-04-13,"daily"
1244,2018-04-14,"daily"
1245,2018-04-15,"daily"
1246,2018-04-16,"daily"
1247,2018-04-17,"daily"
1248,2018-04-18,"daily"
1249,2018-04-19,"daily"
1250,2018-04-20,"daily"
1251,2018-04-21,"daily"
1252,2018-04-22,"daily"
1253,2018-04-23,"daily"
1254,2018-04-24,"daily"
1255,2018-04-25,"daily"
1256,2018-04-26,"daily"
1257,2018-04-27,"daily"
1258,2018-04-28,"daily"
1259,2018-04-29,"daily"
1260,2018-04-30,"daily"
1261,2018-05-01,"daily"
1262,2018-05-01,"monthly"
1263,2018-05-02,"daily"
1264,2018-05-03,"daily"
1265,2018-05-04,"daily"
1266,2018-05-05,"daily"
1267,2018-05-06,"daily"
1268,2018-05-07,"daily"
1269,2018-05-08,"daily"
1270,2018-05-09,"daily"
1271,2018-05-10,"daily"
1272,2018-05-11,"daily"
1273,2018-05-12,"daily"
1274,2018-05-13,"daily"
1275,2018-05-14,"daily"
1276,2018-05-15,"daily"
1277,2018-05-16,"daily"
1278,2018-05-17,"daily"
1279,2018-05-18,"daily"
1280,2018-05-19,"daily"
1281,2018-05-20,"daily"
1282,2018-05-21,"daily"
1283,2018-05-22,"daily"
1284,2018-05-23,"daily"
1285,2018-05-24,"daily"
1286,2018-05-25,"daily"
1287,2018-05-26,"daily"
1288,2018-05-27,"daily"
1289,2018-05-28,"daily"
1290,2018-05-29,"daily"
1291,2018-05-30,"daily"
1292,2018-05-31,"daily"
1293,2018-06-01,"daily"
1294,2018-06-01,"monthly"
1295,2018-06-02,"daily"
1296,2018-06-03,"daily"
1297,2018-06-04,"daily"
1298,2018-06-05,"daily"
1299,2018-06-06,"daily"
1300,2018-06-07,"daily"
1301,2018-06-08,"daily"
1302,2018-06-09,"daily"
1303,2018-06-10,"daily"
1304,2018-06-11,"daily"
1305,2018-06-12,"daily"
1306,2018-06-13,"daily"
1307,2018-06-14,"daily"
1308,2018-06-15,"daily"
1309,2018-06-16,"daily"
1310,2018-06-17,"daily"
1311,2018-06-18,"daily"
1312,2018-06-19,"daily"
1313,2018-06-20,"daily"
1314,2018-06-21,"daily"
1315,2018-06-22,"daily"
1316,2018-06-23,"daily"
1317,2018-06-24,"daily"
1318,2018-06-25,"daily"
1319,2018-06-26,"daily"
1320,2018-06-27,"daily"
1321,2018-06-28,"daily"
1322,2018-06-29,"daily"
1323,2018-06-30,"daily"
1324,2018-07-01,"daily"
1325,2018-07-01,"monthly"
1326,2018-07-02,"daily"
1327,2018-07-03,"daily"
1328,2018-07-04,"daily"
1329,2018-07-05,"daily"
1330,2018-07-06,"daily"
1331,2018-07-07,"daily"
1332,2018-07-08,"daily"
1333,2018-07-09,"daily"
1334,2018-07-10,"daily"
1335,2018-07-11,"daily"
1336,2018-07-12,"daily"
1337,2018-07-13,"daily"
1338,2018-07-14,"daily"
1339,2018-07-15,"daily"
1340,2018-07-16,"daily"
1341,2018-07-17,"daily"
1342,2018-07-18,"daily"
1343,2018-07-19,"daily"
1344,2018-07-20,"daily"
1345,2018-07-21,"daily"
1346,2018-07-22,"daily"
1347,2018-07-23,"daily"
1348,2018-07-24,"daily"
1349,2018-07-25,"daily"
1350,2018-07-26,"daily"
1351,2018-07-27,"daily"
1352,2018-07-28,"daily"
1353,2018-07-29,"daily"
1354,2018-07-30,"daily"
1355,2018-07-31,"daily"
1356,2018-08-01,"daily"
1357,2018-08-01,"monthly"
1358,2018-08-02,"daily"
1359,2018-08-03,"daily"
1360,2018-08-04,"daily"
1361,2018-08-05,"daily"
1362,2018-08-06,"daily"
1363,2018-08-07,"daily"
1364,2018-08-08,"daily"
1365,2018-08-09,"daily"
1366,2018-08-10,"daily"
1367,2018-08-11,"daily"
1368,2018-08-12,"daily"
1369,2018-08-13,"daily"
1370,2018-08-14,"daily"
1371,2018-08-15,"daily"
1372,2018-08-16,"daily"
1373,2018-08-17,"daily"
1374,2018-08-18,"daily"
1375,2018-08-19,"daily"
1376,2018-08-20,"daily"
1377,2018-08-21,"daily"
1378,2018-08-22,"daily"
1379,2018-08-23,"daily"
1380,2018-08-24,"daily"
1381,2018-08-25,"daily"
1382,2018-08-26,"daily"
1383,2018-08-27,"daily"
1384,2018-08-28,"daily"
1385,2018-08-29,"daily"
1386,2018-08-30,"daily"
1387,2018-08-31,"daily"
1388,2018-09-01,"daily"
1389,2018-09-01,"monthly"
1390,2018-09-02,"daily"
1391,2018-09-03,"daily"
1392,2018-09-04,"daily"
1393,2018-09-05,"daily"
1394,2018-09-06,"daily"
1395,2018-09-07,"daily"
1396,2018-09-08,"daily"
1397,2018-09-09,"daily"
1398,2018-09-10,"daily"
1399,2018-09-11,"daily"
1400,2018-09-12,"daily"
1401,2018-09-13,"daily"
1402,2018-09-14,"daily"
1403,2018-09-15,"daily"
1404,2018-09-16,"daily"
1405,2018-09-17,"daily"
1406,2018-09-18,"daily"
1407,2018-09-19,"daily"
1408,2018-09-20,"daily"
1409,2018-09-21,"daily"
1410,2018-09-22,"daily"
1411,2018-09-23,"daily"
1412,2018-09-24,"daily"
1413,2018-09-25,"daily"
1414,2018-09-26,"daily"
1415,2018-09-27,"daily"
1416,2018-09-28,"daily"
1417,2018-09-29,"daily"
1418,2018-09-30,"daily"
1419,2018-10-01,"daily"
1420,2018-10-01,"monthly"
1421,2018-10-02,"daily"
1422,2018-10-03,"daily"
1423,2018-10-04,"daily"
1424,2018-10-05,"daily"
1425,2018-10-06,"daily"
1426,2018-10-07,"daily"
1427,2018-10-08,"daily"
1428,2018-10-09,"daily"
1429,2018-10-10,"daily"
1430,2018-10-11,"daily"
1431,2018-10-12,"daily"
1432,2018-10-13,"daily"
1433,2018-10-14,"daily"
1434,2018-10-15,"daily"
1435,2018-10-16,"daily"
1436,2018-10-17,"daily"
1437,2018-10-18,"daily"
1438,2018-10-19,"daily"
1439,2018-10-20,"daily"
1440,2018-10-21,"daily"
1441,2018-10-22,"daily"
1442,2018-10-23,"daily"
1443,2018-10-24,"daily"
1444,2018-10-25,"daily"
1445,2018-10-26,"daily"
1446,2018-10-27,"daily"
1447,2018-10-28,"daily"
1448,2018-10-29,"daily"
1449,2018-10-30,"daily"
1450,2018-10-31,"daily"
1451,2018-11-01,"daily"
1452,2018-11-01,"monthly"
1453,2018-11-02,"daily"
1454,2018-11-03,"daily"
1455,2018-11-04,"daily"
1456,2018-11-05,"daily"
1457,2018-11-06,"daily"
1458,2018-11-07,"daily"
1459,2018-11-08,"daily"
1460,2018-11-09,"daily"
1461,2018-11-10,"daily"
1462,2018-11-11,"daily"
1463,2018-11-12,"daily"
1464,2018-11-13,"daily"
1465,2018-11-14,"daily"
1466,2018-11-15,"daily"
1467,2018-11-16,"daily"
1468,2018-11-17,"daily"
1469,2018-11-18,"daily"
1470,2018-11-19,"daily"
1471,2018-11-20,"daily"
1472,2018-11-21,"daily"
1473,2018-11-22,"daily"
1474,2018-11-23,"daily"
1475,2018-11-24,"daily"
1476,2018-11-25,"daily"
1477,2018-11-26,"daily"
1478,2018-11-27,"daily"
1479,2018-11-28,"daily"
1480,2018-11-29,"daily"
1481,2018-11-30,"daily"
1482,2018-12-01,"daily"
1483,2018-12-01,"monthly"
1484,2018-12-02,"daily"
1485,2018-12-03,"daily"
1486,2018-12-04,"daily"
1487,2018-12-05,"daily"
1488,2018-12-06,"daily"
1489,2018-12-07,"daily"
1490,2018-12-08,"daily"
1491,2018-12-09,"daily"
1492,2018-12-10,"daily"
1493,2018-12-11,"daily"
1494,2018-12-12,"daily"
1495,2018-12-13,"daily"
1496,2018-12-14,"daily"
1497,2018-12-15,"daily"
1498,2018-12-16,"daily"
1499,2018-12-17,"daily"
1500,2018-12-18,"daily"
1501,2018-12-19,"daily"
1502,2018-12-20,"daily"
1503,2018-12-21,"daily"
1504,2018-12-22,"daily"
1505,2018-12-23,"daily"
1506,2018-12-24,"daily"
1507,2018-12-25,"daily"
1508,2018-12-26,"daily"
1509,2018-12-27,"daily"
1510,2018-12-28,"daily"
1511,2018-12-29,"daily"
1512,2018-12-30,"daily"
1513,2018-12-31,"daily"
1514,2019-01-01,"daily"
1515,2019-01-01,"monthly"
1516,2019-01-01,"yearly"
1517,2019-01-02,"daily"
1518,2019-01-03,"daily"
1519,2019-01-04,"daily"
1520,2019-01-05,"daily"
1521,2019-01-06,"daily"
1522,2019-01-07,"daily"
1523,2019-01-08,"daily"
1524,2019-01-09,"daily"
1525,2019-01-10,"daily"
1526,2019-01-11,"daily"
1527,2019-01-12,"daily"
1528,2019-01-13,"daily"
1529,2019-01-14,"daily"
1530,2019-01-15,"daily"
1531,2019-01-16,"daily"
1532,2019-01-17,"daily"
1533,2019-01-18,"daily"
1534,2019-01-19,"daily"
1535,2019-01-20,"daily"
1536,2019-01-21,"daily"
1537,2019-01-22,"daily"
1538,2019-01-23,"daily"
1539,2019-01-24,"daily"
1540,2019-01-25,"daily"
1541,2019-01-26,"daily"
1542,2019-01-27,"daily"
1543,2019-01-28,"daily"
1544,2019-01-29,"daily"
1545,2019-01-30,"daily"
1546,2019-01-31,"daily"
1547,2019-02-01,"daily"
1548,2019-02-01,"monthly"
1549,2019-02-02,"daily"
1550,2019-02-03,"daily"
1551,2019-02-04,"daily"
1552,2019-02-05,"daily"
1553,2019-02-06,"daily"
1554,2019-02-07,"daily"
1555,2019-02-08,"daily"
1556,2019-02-09,"daily"
1557,2019-02-10,"daily"
1558,2019-02-11,"daily"
1559,2019-02-12,"daily"
1560,2019-02-13,"daily"
1561,2019-02-14,"daily"
1562,2019-02-15,"daily"
1563,2019-02-16,"daily"
1564,2019-02-17,"daily"
1565,2019-02-18,"daily"
1566,2019-02-19,"daily"
1567,2019-02-20,"daily"
1568,2019-02-21,"daily"
1569,2019-02-22,"daily"
1570,2019-02-23,"daily"
1571,2019-02-24,"daily"
1572,2019-02-25,"daily"
1573,2019-02-26,"daily"
1574,2019-02-27,"daily"
1575,2019-02-28,"daily"
1576,2019-03-01,"daily"
1577,2019-03-01,"monthly"
1578,2019-03-02,"daily"
1579,2019-03-03,"daily"
1580,2019-03-04,"daily"
1581,2019-03-05,"daily"
1582,2019-03-06,"daily"
1583,2019-03-07,"daily"
1584,2019-03-08,"daily"
1585,2019-03-09,"daily"
1586,2019-03-10,"daily"
1587,2019-03-11,"daily"
1588,2019-03-12,"daily"
1589,2019-03-13,"daily"
1590,2019-03-14,"daily"
1591,2019-03-15,"daily"
1592,2019-03-16,"daily"
1593,2019-03-17,"daily"
1594,2019-03-18,"daily"
1595,2019-03-19,"daily"
1596,2019-03-20,"daily"
1597,2019-03-21,"daily"
1598,2019-03-22,"daily"
1599,2019-03-23,"daily"
1600,2019-03-24,"daily"
1601,2019-03-25,"daily"
1602,2019-03-26,"daily"
1603,2019-03-27,"daily"
1604,2019-03-28,"daily"
1605,2019-03-29,"daily"
1606,2019-03-30,"daily"
1607,2019-03-31,"daily"
1608,2019-04-01,"daily"
1609,2019-04-01,"monthly"
1610,2019-04-02,"daily"
1611,2019-04-03,"daily"
1612,2019-04-04,"daily"
1613,2019-04-05,"daily"
1614,2019-04-06,"daily"
1615,2019-04-07,"daily"
1616,2019-04-08,"daily"
1617,2019-04-09,"daily"
1618,2019-04-10,"daily"
1619,2019-04-11,"daily"
1620,2019-04-12,"daily"
1621,2019-04-13,"daily"
1622,2019-04-14,"daily"
1623,2019-04-15,"daily"
1624,2019-04-16,"daily"
1625,2019-04-17,"daily"
1626,2019-04-18,"daily"
1627,2019-04-19,"daily"
1628,2019-04-20,"daily"
1629,2019-04-21,"daily"
1630,2019-04-22,"daily"
1631,2019-04-23,"daily"
1632,2019-04-24,"daily"
1633,2019-04-25,"daily"
1634,2019-04-26,"daily"
1635,2019-04-27,"daily"
1636,2019-04-28,"daily"
1637,2019-04-29,"daily"
1638,2019-04-30,"daily"
1639,2019-05-01,"daily"
1640,2019-05-01,"monthly"
1641,2019-05-02,"daily"
1642,2019-05-03,"daily"
1643,2019-05-04,"daily"
1644,2019-05-05,"daily"
1645,2019-05-06,"daily"
1646,2019-05-07,"daily"
1647,2019-05-08,"daily"
1648,2019-05-09,"daily"
1649,2019-05-10,"daily"
1650,2019-05-11,"daily"
1651,2019-05-12,"daily"
1652,2019-05-13,"daily"
1653,2019-05-14,"daily"
1654,2019-05-15,"daily"
1655,2019-05-16,"daily"
1656,2019-05-17,"daily"
1657,2019-05-18,"daily"
1658,2019-05-19,"daily"
1659,2019-05-20,"daily"
1660,2019-05-21,"daily"
1661,2019-05-22,"daily"
1662,2019-05-23,"daily"
1663,2019-05-24,"daily"
1664,2019-05-25,"daily"
1665,2019-05-26,"daily"
1666,2019-05-27,"daily"
1667,2019-05-28,"daily"
1668,2019-05-29,"daily"
1669,2019-05-30,"daily"
1670,2019-05-31,"daily"
1671,2019-06-01,"daily"
1672,2019-06-01,"monthly"
1673,2019-06-02,"daily"
1674,2019-06-03,"daily"
1675,2019-06-04,"daily"
1676,2019-06-05,"daily"
1677,2019-06-06,"daily"
1678,2019-06-07,"daily"
1679,2019-06-08,"daily"
1680,2019-06-09,"daily"
1681,2019-06-10,"daily"
1682,2019-06-11,"daily"
1683,2019-06-12,"daily"
1684,2019-06-13,"daily"
1685,2019-06-14,"daily"
1686,2019-06-15,"daily"
1687,2019-06-16,"daily"
1688,2019-06-17,"daily"
1689,2019-06-18,"daily"
1690,2019-06-19,"daily"
1691,2019-06-20,"daily"
1692,2019-06-21,"daily"
1693,2019-06-22,"daily"
1694,2019-06-23,"daily"
1695,2019-06-24,"daily"
1696,2019-06-25,"daily"
1697,2019-06-26,"daily"
1698,2019-06-27,"daily"
1699,2019-06-28,"daily"
1700,2019-06-29,"daily"
1701,2019-06-30,"daily"
1702,2019-07-01,"daily"
1703,2019-07-01,"monthly"
1704,2019-07-02,"daily"
1705,2019-07-03,"daily"
1706,2019-07-04,"daily"
1707,2019-07-05,"daily"
1708,2019-07-06,"daily"
1709,2019-07-07,"daily"
1710,2019-07-08,"daily"
1711,2019-07-09,"daily"
1712,2019-07-10,"daily"
1713,2019-07-11,"daily"
1714,2019-07-12,"daily"
1715,2019-07-13,"daily"
1716,2019-07-14,"daily"
1717,2019-07-15,"daily"
1718,2019-07-16,"daily"
1719,2019-07-17,"daily"
1720,2019-07-18,"daily"
1721,2019-07-19,"daily"
1722,2019-07-20,"daily"
1723,2019-07-21,"daily"
1724,2019-07-22,"daily"
1725,2019-07-23,"daily"
1726,2019-07-24,"daily"
1727,2019-07-25,"daily"
1728,2019-07-26,"daily"
1729,2019-07-27,"daily"
1730,2019-07-28,"daily"
1731,2019-07-29,"daily"
1732,2019-07-30,"daily"
1733,2019-07-31,"daily"
1734,2019-08-01,"daily"
1735,2019-08-01,"monthly"
1736,2019-08-02,"daily"
1737,2019-08-03,"daily"
1738,2019-08-04,"daily"
1739,2019-08-05,"daily"
1740,2019-08-06,"daily"
1741,2019-08-07,"daily"
1742,2019-08-08,"daily"
1743,2019-08-09,"daily"
1744,2019-08-10,"daily"
1745,2019-08-11,"daily"
1746,2019-08-12,"daily"
1747,2019-08-13,"daily"
1748,2019-08-14,"daily"
1749,2019-08-15,"daily"
1750,2019-08-16,"daily"
1751,2019-08-17,"daily"
1752,2019-08-18,"daily"
1753,2019-08-19,"daily"
1754,2019-08-20,"daily"
1755,2019-08-21,"daily"
1756,2019-08-22,"daily"
1757,2019-08-23,"daily"
1758,2019-08-24,"daily"
1759,2019-08-25,"daily"
1760,2019-08-26,"daily"
1761,2019-08-27,"daily"
1762,2019-08-28,"daily"
1763,2019-08-29,"daily"
1764,2019-08-30,"daily"
1765,2019-08-31,"daily"
1766,2019-09-01,"daily"
1767,2019-09-01,"monthly"
1768,2019-09-02,"daily"
1769,2019-09-03,"daily"
1770,2019-09-04,"daily"
1771,2019-09-05,"daily"
1772,2019-09-06,"daily"
1773,2019-09-07,"daily"
1774,2019-09-08,"daily"
1775,2019-09-09,"daily"
1776,2019-09-10,"daily"
1777,2019-09-11,"daily"
1778,2019-09-12,"daily"
1779,2019-09-13,"daily"
1780,2019-09-14,"daily"
1781,2019-09-15,"daily"
1782,2019-09-16,"daily"
1783,2019-09-17,"daily"
1784,2019-09-18,"daily"
1785,2019-09-19,"daily"
1786,2019-09-20,"daily"
1787,2019-09-21,"daily"
1788,2019-09-22,"daily"
1789,2019-09-23,"daily"
1790,2019-09-24,"daily"
1791,2019-09-25,"daily"
1792,2019-09-26,"daily"
1793,2019-09-27,"daily"
1794,2019-09-28,"daily"
1795,2019-09-29,"daily"
1796,2019-09-30,"daily"
1797,2019-10-01,"daily"
1798,2019-10-01,"monthly"
1799,2019-10-02,"daily"
1800,2019-10-03,"daily"
1801,2019-10-04,"daily"
1802,2019-10-05,"daily"
1803,2019-10-06,"daily"
1804,2019-10-07,"daily"
1805,2019-10-08,"daily"
1806,2019-10-09,"daily"
1807,2019-10-10,"daily"
1808,2019-10-11,"daily"
1809,2019-10-12,"daily"
1810,2019-10-13,"daily"
1811,2019-10-14,"daily"
1812,2019-10-15,"daily"
1813,2019-10-16,"daily"
1814,2019-10-17,"daily"
1815,2019-10-18,"daily"
1816,2019-10-19,"daily"
1817,2019-10-20,"daily"
1818,2019-10-21,"daily"
1819,2019-10-22,"daily"
1820,2019-10-23,"daily"
1821,2019-10-24,"daily"
1822,2019-10-25,"daily"
1823,2019-10-26,"daily"
1824,2019-10-27,"daily"
1825,2019-10-28,"daily"
1826,2019-10-29,"daily"
1827,2019-10-30,"daily"
1828,2019-10-31,"daily"
1829,2019-11-01,"daily"
1830,2019-11-01,"monthly"
1831,2019-11-02,"daily"
1832,2019-11-03,"daily"
1833,2019-11-04,"daily"
1834,2019-11-05,"daily"
1835,2019-11-06,"daily"
1836,2019-11-07,"daily"
1837,2019-11-08,"daily"
1838,2019-11-09,"daily"
1839,2019-11-10,"daily"
1840,2019-11-11,"daily"
1841,2019-11-12,"daily"
1842,2019-11-13,"daily"
1843,2019-11-14,"daily"
1844,2019-11-15,"daily"
1845,2019-11-16,"daily"
1846,2019-11-17,"daily"
1847,2019-11-18,"daily"
1848,2019-11-19,"daily"
1849,2019-11-20,"daily"
1850,2019-11-21,"daily"
1851,2019-11-22,"daily"
1852,2019-11-23,"daily"
1853,2019-11-24,"daily"
1854,2019-11-25,"daily"
1855,2019-11-26,"daily"
1856,2019-11-27,"daily"
1857,2019-11-28,"daily"
1858,2019-11-29,"daily"
1859,2019-11-30,"daily"
1860,2019-12-01,"daily"
1861,2019-12-01,"monthly"
1862,2019-12-02,"daily"
1863,2019-12-03,"daily"
1864,2019-12-04,"daily"
1865,2019-12-05,"daily"
1866,2019-12-06,"daily"
1867,2019-12-07,"daily"
1868,2019-12-08,"daily"
1869,2019-12-09,"daily"
1870,2019-12-10,"daily"
1871,2019-12-11,"daily"
1872,2019-12-12,"daily"
1873,2019-12-13,"daily"
1874,2019-12-14,"daily"
1875,2019-12-15,"daily"
1876,2019-12-16,"daily"
1877,2019-12-17,"daily"
1878,2019-12-18,"daily"
1879,2019-12-19,"daily"
1880,2019-12-20,"daily"
1881,2019-12-21,"daily"
1882,2019-12-22,"daily"
1883,2019-12-23,"daily"
1884,2019-12-24,"daily"
1885,2019-12-25,"daily"
1886,2019-12-26,"daily"
1887,2019-12-27,"daily"
1888,2019-12-28,"daily"
1889,2019-12-29,"daily"
1890,2019-12-30,"daily"
1891,2019-12-31,"daily"
1892,2020-01-01,"daily"
1893,2020-01-01,"monthly"
1894,2020-01-01,"yearly"
1895,2020-01-02,"daily"
1896,2020-01-03,"daily"
1897,2020-01-04,"daily"
1898,2020-01-05,"daily"
1899,2020-01-06,"daily"
1900,2020-01-07,"daily"
1901,2020-01-08,"daily"
1902,2020-01-09,"daily"
1903,2020-01-10,"daily"
1904,2020-01-11,"daily"
1905,2020-01-12,"daily"
1906,2020-01-13,"daily"
1907,2020-01-14,"daily"
1908,2020-01-15,"daily"
1909,2020-01-16,"daily"
1910,2020-01-17,"daily"
1911,2020-01-18,"daily"
1912,2020-01-19,"daily"
1913,2020-01-20,"daily"
1914,2020-01-21,"daily"
1915,2020-01-22,"daily"
1916,2020-01-23,"daily"
1917,2020-01-24,"daily"
1918,2020-01-25,"daily"
1919,2020-01-26,"daily"
1920,2020-01-27,"daily"
1921,2020-01-28,"daily"
1922,2020-01-29,"daily"
1923,2020-01-30,"daily"
1924,2020-01-31,"daily"
1925,2020-02-01,"daily"
1926,2020-02-01,"monthly"
1927,2020-02-02,"daily"
1928,2020-02-03,"daily"
1929,2020-02-04,"daily"
1930,2020-02-05,"daily"
1931,2020-02-06,"daily"
1932,2020-02-07,"daily"
1933,2020-02-08,"daily"
1934,2020-02-09,"daily"
1935,2020-02-10,"daily"
1936,2020-02-11,"daily"
1937,2020-02-12,"daily"
1938,2020-02-13,"daily"
1939,2020-02-14,"daily"
1940,2020-02-15,"daily"
1941,2020-02-16,"daily"
1942,2020-02-17,"daily"
1943,2020-02-18,"daily"
1944,2020-02-19,"daily"
1945,2020-02-20,"daily"
1946,2020-02-21,"daily"
1947,2020-02-22,"daily"
1948,2020-02-23,"daily"
1949,2020-02-24,"daily"
1950,2020-02-25,"daily"
1951,2020-02-26,"daily"
1952,2020-02-27,"daily"
1953,2020-02-28,"daily"
1954,2020-02-29,"daily"
1955,2020-03-01,"daily"
1956,2020-03-01,"monthly"
1957,2020-03-02,"daily"
1958,2020-03-03,"daily"
1959,2020-03-04,"daily"
1960,2020-03-05,"daily"
1961,2020-03-06,"daily"
1962,2020-03-07,"daily"
1963,2020-03-08,"daily"
1964,2020-03-09,"daily"
1965,2020-03-10,"daily"
1966,2020-03-11,"daily"
1967,2020-03-12,"daily"
1968,2020-03-13,"daily"
1969,2020-03-14,"daily"
1970,2020-03-15,"daily"
1971,2020-03-16,"daily"
1972,2020-03-17,"daily"
1973,2020-03-18,"daily"
1974,2020-03-19,"daily"
1975,2020-03-20,"daily"
1976,2020-03-21,"daily"
1977,2020-03-22,"daily"
1978,2020-03-23,"daily"
1979,2020-03-24,"daily"
1980,2020-03-25,"daily"
1981,2020-03-26,"daily"
1982,2020-03-27,"daily"
1983,2020-03-28,"daily"
1984,2020-03-29,"daily"
1985,2020-03-30,"daily"
1986,2020-03-31,"daily"
1987,2020-04-01,"daily"
1988,2020-04-01,"monthly"
1989,2020-04-02,"daily"
1990,2020-04-03,"daily"
1991,2020-04-04,"daily"
1992,2020-04-05,"daily"
1993,2020-04-06,"daily"
1994,2020-04-07,"daily"
1995,2020-04-08,"daily"
1996,2020-04-09,"daily"
1997,2020-04-10,"daily"
1998,2020-04-11,"daily"
1999,2020-04-12,"daily"
2000,2020-04-13,"daily"
2001,2020-04-14,"daily"
2002,2020-04-15,"daily"
2003,2020-04-16,"daily"
2004,2020-04-17,"daily"
2005,2020-04-18,"daily"
2006,2020-04-19,"daily"
2007,2020-04-20,"daily"
2008,2020-04-21,"daily"
2009,2020-04-22,"daily"
2010,2020-04-23,"daily"
2011,2020-04-24,"daily"
2012,2020-04-25,"daily"
2013,2020-04-26,"daily"
2014,2020-04-27,"daily"
2015,2020-04-28,"daily"
2016,2020-04-29,"daily"
2017,2020-04-30,"daily"
2018,2020-05-01,"daily"
2019,2020-05-01,"monthly"
2020,2020-05-02,"daily"
2021,2020-05-03,"daily"
2022,2020-05-04,"daily"
2023,2020-05-05,"daily"
2024,2020-05-06,"daily"
2025,2020-05-07,"daily"
2026,2020-05-08,"daily"
2027,2020-05-09,"daily"
2028,2020-05-10,"daily"
2029,2020-05-11,"daily"
2030,2020-05-12,"daily"
2031,2020-05-13,"daily"
2032,2020-05-14,"daily"
2033,2020-05-15,"daily"
2034,2020-05-16,"daily"
2035,2020-05-17,"daily"
2036,2020-05-18,"daily"
2037,2020-05-19,"daily"
2038,2020-05-20,"daily"
2039,2020-05-21,"daily"
2040,2020-05-22,"daily"
2041,2020-05-23,"daily"
2042,2020-05-24,"daily"
2043,2020-05-25,"daily"
2044,2020-05-26,"daily"
2045,2020-05-27,"daily"
2046,2020-05-28,"daily"
2047,2020-05-29,"daily"
2048,2020-05-30,"daily"
2049,2020-05-31,"daily"
2050,2020-06-01,"daily"
2051,2020-06-01,"monthly"
2052,2020-06-02,"daily"
2053,2020-06-03,"daily"
2054,2020-06-04,"daily"
2055,2020-06-05,"daily"
2056,2020-06-06,"daily"
2057,2020-06-07,"daily"
2058,2020-06-08,"daily"
2059,2020-06-09,"daily"
2060,2020-06-10,"daily"
2061,2020-06-11,"daily"
2062,2020-06-12,"daily"
2063,2020-06-13,"daily"
2064,2020-06-14,"daily"
2065,2020-06-15,"daily"
2066,2020-06-16,"daily"
2067,2020-06-17,"daily"
2068,2020-06-18,"daily"
2069,2020-06-19,"daily"
2070,2020-06-20,"daily"
2071,2020-06-21,"daily"
2072,2020-06-22,"daily"
2073,2020-06-23,"daily"
2074,2020-06-24,"daily"
2075,2020-06-25,"daily"
2076,2020-06-26,"daily"
2077,2020-06-27,"daily"
2078,2020-06-28,"daily"
2079,2020-06-29,"daily"
2080,2020-06-30,"daily"
2081,2020-07-01,"daily"
2082,2020-07-01,"monthly"
2083,2020-07-02,"daily"
2084,2020-07-03,"daily"
2085,2020-07-04,"daily"
2086,2020-07-05,"daily"
2087,2020-07-06,"daily"
2088,2020-07-07,"daily"
2089,2020-07-08,"daily"
2090,2020-07-09,"daily"
2091,2020-07-10,"daily"
2092,2020-07-11,"daily"
2093,2020-07-12,"daily"
2094,2020-07-13,"daily"
2095,2020-07-14,"daily"
2096,2020-07-15,"daily"
2097,2020-07-16,"daily"
2098,2020-07-17,"daily"
2099,2020-07-18,"daily"
2100,2020-07-19,"daily"
2101,2020-07-20,"daily"
2102,2020-07-21,"daily"
2103,2020-07-22,"daily"
2104,2020-07-23,"daily"
2105,2020-07-24,"daily"
2106,2020-07-25,"daily"
2107,2020-07-26,"daily"
2108,2020-07-27,"daily"
2109,2020-07-28,"daily"
2110,2020-07-29,"daily"
2111,2020-07-30,"daily"
2112,2020-07-31,"daily"
2113,2020-08-01,"daily"
2114,2020-08-01,"monthly"
2115,2020-08-02,"daily"
2116,2020-08-03,"daily"
2117,2020-08-04,"daily"
2118,2020-08-05,"daily"
2119,2020-08-06,"daily"
2120,2020-08-07,"daily"
2121,2020-08-08,"daily"
2122,2020-08-09,"daily"
2123,2020-08-10,"daily"
2124,2020-08-11,"daily"
2125,2020-08-12,"daily"
2126,2020-08-13,"daily"
2127,2020-08-14,"daily"
2128,2020-08-15,"daily"
2129,2020-08-16,"daily"
2130,2020-08-17,"daily"
2131,2020-08-18,"daily"
2132,2020-08-19,"daily"
2133,2020-08-20,"daily"
2134,2020-08-21,"daily"
2135,2020-08-22,"daily"
2136,2020-08-23,"daily"
2137,2020-08-24,"daily"
2138,2020-08-25,"daily"
2139,2020-08-26,"daily"
2140,2020-08-27,"daily"
2141,2020-08-28,"daily"
2142,2020-08-29,"daily"
2143,2020-08-30,"daily"
2144,2020-08-31,"daily"
2145,2020-09-01,"daily"
2146,2020-09-01,"monthly"
2147,2020-09-02,"daily"
2148,2020-09-03,"daily"
2149,2020-09-04,"daily"
2150,2020-09-05,"daily"
2151,2020-09-06,"daily"
2152,2020-09-07,"daily"
2153,2020-09-08,"daily"
2154,2020-09-09,"daily"
2155,2020-09-10,"daily"
2156,2020-09-11,"daily"
2157,2020-09-12,"daily"
2158,2020-09-13,"daily"
2159,2020-09-14,"daily"
2160,2020-09-15,"daily"
2161,2020-09-16,"daily"
2162,2020-09-17,"daily"
2163,2020-09-18,"daily"
2164,2020-09-19,"daily"
2165,2020-09-20,"daily"
2166,2020-09-21,"daily"
2167,2020-09-22,"daily"
2168,2020-09-23,"daily"
2169,2020-09-24,"daily"
2170,2020-09-25,"daily"
2171,2020-09-26,"daily"
2172,2020-09-27,"daily"
2173,2020-09-28,"daily"
2174,2020-09-29,"daily"
2175,2020-09-30,"daily"
2176,2020-10-01,"daily"
2177,2020-10-01,"monthly"
2178,2020-10-02,"daily"
2179,2020-10-03,"daily"
2180,2020-10-04,"daily"
2181,2020-10-05,"daily"
2182,2020-10-06,"daily"
2183,2020-10-07,"daily"
2184,2020-10-08,"daily"
2185,2020-10-09,"daily"
2186,2020-10-10,"daily"
2187,2020-10-11,"daily"
2188,2020-10-12,"daily"
2189,2020-10-13,"daily"
2190,2020-10-14,"daily"
2191,2020-10-15,"daily"
2192,2020-10-16,"daily"
2193,2020-10-17,"daily"
2194,2020-10-18,"daily"
2195,2020-10-19,"daily"
2196,2020-10-20,"daily"
2197,2020-10-21,"daily"
2198,2020-10-22,"daily"
2199,2020-10-23,"daily"
2200,2020-10-24,"daily"
2201,2020-10-25,"daily"
2202,2020-10-26,"daily"
2203,2020-10-27,"daily"
2204,2020-10-28,"daily"
2205,2020-10-29,"daily"
2206,2020-10-30,"daily"
2207,2020-10-31,"daily"
2208,2020-11-01,"daily"
2209,2020-11-01,"monthly"
2210,2020-11-02,"daily"
2211,2020-11-03,"daily"
2212,2020-11-04,"daily"
2213,2020-11-05,"daily"
2214,2020-11-06,"daily"
2215,2020-11-07,"daily"
2216,2020-11-08,"daily"
2217,2020-11-09,"daily"
2218,2020-11-10,"daily"
2219,2020-11-11,"daily"
2220,2020-11-12,"daily"
2221,2020-11-13,"daily"
2222,2020-11-14,"daily"
2223,2020-11-15,"daily"
2224,2020-11-16,"daily"
2225,2020-11-17,"daily"
2226,2020-11-18,"daily"
2227,2020-11-19,"daily"
2228,2020-11-20,"daily"
2229,2020-11-21,"daily"
2230,2020-11-22,"daily"
2231,2020-11-23,"daily"
2232,2020-11-24,"daily"
2233,2020-11-25,"daily"
2234,2020-11-26,"daily"
2235,2020-11-27,"daily"
2236,2020-11-28,"daily"
2237,2020-11-29,"daily"
2238,2020-11-30,"daily"
2239,2020-12-01,"daily"
2240,2020-12-01,"monthly"
2241,2020-12-02,"daily"
2242,2020-12-03,"daily"
2243,2020-12-04,"daily"
2244,2020-12-05,"daily"
2245,2020-12-06,"daily"
2246,2020-12-07,"daily"
2247,2020-12-08,"daily"
2248,2020-12-09,"daily"
2249,2020-12-10,"daily"
2250,2020-12-11,"daily"
2251,2020-12-12,"daily"
2252,2020-12-13,"daily"
2253,2020-12-14,"daily"
2254,2020-12-15,"daily"
2255,2020-12-16,"daily"
2256,2020-12-17,"daily"
2257,2020-12-18,"daily"
2258,2020-12-19,"daily"
2259,2020-12-20,"daily"
2260,2020-12-21,"daily"
2261,2020-12-22,"daily"
2262,2020-12-23,"daily"
2263,2020-12-24,"daily"
2264,2020-12-25,"daily"
2265,2020-12-26,"daily"
2266,2020-12-27,"daily"
2267,2020-12-28,"daily"
2268,2020-12-29,"daily"
2269,2020-12-30,"daily"
2270,2020-12-31,"daily"
2271,2021-01-01,"daily"
2272,2021-01-01,"monthly"
2273,2021-01-01,"yearly"
2274,2021-01-02,"daily"
2275,2021-01-03,"daily"
2276,2021-01-04,"daily"
2277,2021-01-05,"daily"
2278,2021-01-06,"daily"
2279,2021-01-07,"daily"
2280,2021-01-08,"daily"
2281,2021-01-09,"daily"
2282,2021-01-10,"daily"
2283,2021-01-11,"daily"
2284,2021-01-12,"daily"
2285,2021-01-13,"daily"
2286,2021-01-14,"daily"
2287,2021-01-15,"daily"
2288,2021-01-16,"daily"
2289,2021-01-17,"daily"
2290,2021-01-18,"daily"
2291,2021-01-19,"daily"
2292,2021-01-20,"daily"
2293,2021-01-21,"daily"
2294,2021-01-22,"daily"
2295,2021-01-23,"daily"
2296,2021-01-24,"daily"
2297,2021-01-25,"daily"
2298,2021-01-26,"daily"
2299,2021-01-27,"daily"
2300,2021-01-28,"daily"
2301,2021-01-29,"daily"
2302,2021-01-30,"daily"
2303,2021-01-31,"daily"
2304,2021-02-01,"daily"
2305,2021-02-01,"monthly"
2306,2021-02-02,"daily"
2307,2021-02-03,"daily"
2308,2021-02-04,"daily"
2309,2021-02-05,"daily"
2310,2021-02-06,"daily"
2311,2021-02-07,"daily"
2312,2021-02-08,"daily"
2313,2021-02-09,"daily"
2314,2021-02-10,"daily"
2315,2021-02-11,"daily"
2316,2021-02-12,"daily"
2317,2021-02-13,"daily"
2318,2021-02-14,"daily"
2319,2021-02-15,"daily"
2320,2021-02-16,"daily"
2321,2021-02-17,"daily"
2322,2021-02-18,"daily"
2323,2021-02-19,"daily"
2324,2021-02-20,"daily"
2325,2021-02-21,"daily"
2326,2021-02-22,"daily"
2327,2021-02-23,"daily"
2328,2021-02-24,"daily"
2329,2021-02-25,"daily"
2330,2021-02-26,"daily"
2331,2021-02-27,"daily"
2332,2021-02-28,"daily"
2333,2021-03-01,"daily"
2334,2021-03-01,"monthly"
2335,2021-03-02,"daily"
2336,2021-03-03,"daily"
2337,2021-03-04,"daily"
2338,2021-03-05,"daily"
2339,2021-03-06,"daily"
2340,2021-03-07,"daily"
2341,2021-03-08,"daily"
2342,2021-03-09,"daily"
2343,2021-03-10,"daily"
2344,2021-03-11,"daily"
2345,2021-03-12,"daily"
2346,2021-03-13,"daily"
2347,2021-03-14,"daily"
2348,2021-03-15,"daily"
2349,2021-03-16,"daily"
2350,2021-03-17,"daily"
2351,2021-03-18,"daily"
2352,2021-03-19,"daily"
2353,2021-03-20,"daily"
2354,2021-03-21,"daily"
2355,2021-03-22,"daily"
2356,2021-03-23,"daily"
2357,2021-03-24,"daily"
2358,2021-03-25,"daily"
2359,2021-03-26,"daily"
2360,2021-03-27,"daily"
2361,2021-03-28,"daily"
2362,2021-03-29,"daily"
2363,2021-03-30,"daily"
2364,2021-03-31,"daily"
2365,2021-04-01,"daily"
2366,2021-04-01,"monthly"
2367,2021-04-02,"daily"
2368,2021-04-03,"daily"
2369,2021-04-04,"daily"
2370,2021-04-05,"daily"
2371,2021-04-06,"daily"
2372,2021-04-07,"daily"
2373,2021-04-08,"daily"
2374,2021-04-09,"daily"
2375,2021-04-10,"daily"
2376,2021-04-11,"daily"
2377,2021-04-12,"daily"
2378,2021-04-13,"daily"
2379,2021-04-14,"daily"
2380,2021-04-15,"daily"
2381,2021-04-16,"daily"
2382,2021-04-17,"daily"
2383,2021-04-18,"daily"
2384,2021-04-19,"daily"
2385,2021-04-20,"daily"
2386,2021-04-21,"daily"
2387,2021-04-22,"daily"
2388,2021-04-23,"daily"
2389,2021-04-24,"daily"
2390,2021-04-25,"daily"
2391,2021-04-26,"daily"
2392,2021-04-27,"daily"
2393,2021-04-28,"daily"
2394,2021-04-29,"daily"
2395,2021-04-30,"daily"
2396,2021-05-01,"daily"
2397,2021-05-01,"monthly"
2398,2021-05-02,"daily"
2399,2021-05-03,"daily"
2400,2021-05-04,"daily"
2401,2021-05-05,"daily"
2402,2021-05-06,"daily"
2403,2021-05-07,"daily"
2404,2021-05-08,"daily"
2405,2021-05-09,"daily"
2406,2021-05-10,"daily"
2407,2021-05-11,"daily"
2408,2021-05-12,"daily"
2409,2021-05-13,"daily"
2410,2021-05-14,"daily"
2411,2021-05-15,"daily"
2412,2021-05-16,"daily"
2413,2021-05-17,"daily"
2414,2021-05-18,"daily"
2415,2021-05-19,"daily"
2416,2021-05-20,"daily"
2417,2021-05-21,"daily"
2418,2021-05-22,"daily"
2419,2021-05-23,"daily"
2420,2021-05-24,"daily"
2421,2021-05-25,"daily"
2422,2021-05-26,"daily"
2423,2021-05-27,"daily"
2424,2021-05-28,"daily"
2425,2021-05-29,"daily"
2426,2021-05-30,"daily"
2427,2021-05-31,"daily"
2428,2021-06-01,"daily"
2429,2021-06-01,"monthly"
2430,2021-06-02,"daily"
2431,2021-06-03,"daily"
2432,2021-06-04,"daily"
2433,2021-06-05,"daily"
2434,2021-06-06,"daily"
2435,2021-06-07,"daily"
2436,2021-06-08,"daily"
2437,2021-06-09,"daily"
2438,2021-06-10,"daily"
2439,2021-06-11,"daily"
2440,2021-06-12,"daily"
2441,2021-06-13,"daily"
2442,2021-06-14,"daily"
2443,2021-06-15,"daily"
2444,2021-06-16,"daily"
2445,2021-06-17,"daily"
2446,2021-06-18,"daily"
2447,2021-06-19,"daily"
2448,2021-06-20,"daily"
2449,2021-06-21,"daily"
2450,2021-06-22,"daily"
2451,2021-06-23,"daily"
2452,2021-06-24,"daily"
2453,2021-06-25,"daily"
2454,2021-06-26,"daily"
2455,2021-06-27,"daily"
2456,2021-06-28,"daily"
2457,2021-06-29,"daily"
2458,2021-06-30,"daily"
2459,2021-07-01,"daily"
2460,2021-07-01,"monthly"
2461,2021-07-02,"daily"
2462,2021-07-03,"daily"
2463,2021-07-04,"daily"
2464,2021-07-05,"daily"
2465,2021-07-06,"daily"
2466,2021-07-07,"daily"
2467,2021-07-08,"daily"
2468,2021-07-09,"daily"
2469,2021-07-10,"daily"
2470,2021-07-11,"daily"
2471,2021-07-12,"daily"
2472,2021-07-13,"daily"
2473,2021-07-14,"daily"
2474,2021-07-15,"daily"
2475,2021-07-16,"daily"
2476,2021-07-17,"daily"
2477,2021-07-18,"daily"
2478,2021-07-19,"daily"
2479,2021-07-20,"daily"
2480,2021-07-21,"daily"
2481,2021-07-22,"daily"
2482,2021-07-23,"daily"
2483,2021-07-24,"daily"
2484,2021-07-25,"daily"
2485,2021-07-26,"daily"
2486,2021-07-27,"daily"
2487,2021-07-28,"daily"
2488,2021-07-29,"daily"
2489,2021-07-30,"daily"
2490,2021-07-31,"daily"
2491,2021-08-01,"daily"
2492,2021-08-01,"monthly"
2493,2021-08-02,"daily"
2494,2021-08-03,"daily"
2495,2021-08-04,"daily"
2496,2021-08-05,"daily"
2497,2021-08-06,"daily"
2498,2021-08-07,"daily"
2499,2021-08-08,"daily"
2500,2021-08-09,"daily"
2501,2021-08-10,"daily"
2502,2021-08-11,"daily"
2503,2021-08-12,"daily"
2504,2021-08-13,"daily"
2505,2021-08-14,"daily"
2506,2021-08-15,"daily"
2507,2021-08-16,"daily"
2508,2021-08-17,"daily"
2509,2021-08-18,"daily"
2510,2021-08-19,"daily"
2511,2021-08-20,"daily"
2512,2021-08-21,"daily"
2513,2021-08-22,"daily"
2514,2021-08-23,"daily"
2515,2021-08-24,"daily"
2516,2021-08-25,"daily"
2517,2021-08-26,"daily"
2518,2021-08-27,"daily"
2519,2021-08-28,"daily"
2520,2021-08-29,"daily"
2521,2021-08-30,"daily"
2522,2021-08-31,"daily"
2523,2021-09-01,"daily"
2524,2021-09-01,"monthly"
2525,2021-09-02,"daily"
2526,2021-09-03,"daily"
2527,2021-09-04,"daily"
2528,2021-09-05,"daily"
2529,2021-09-06,"daily"
2530,2021-09-07,"daily"
2531,2021-09-08,"daily"
2532,2021-09-09,"daily"
2533,2021-09-10,"daily"
2534,2021-09-11,"daily"
2535,2021-09-12,"daily"
2536,2021-09-13,"daily"
2537,2021-09-14,"daily"
2538,2021-09-15,"daily"
2539,2021-09-16,"daily"
2540,2021-09-17,"daily"
2541,2021-09-18,"daily"
2542,2021-09-19,"daily"
2543,2021-09-20,"daily"
2544,2021-09-21,"daily"
2545,2021-09-22,"daily"
2546,2021-09-23,"daily"
2547,2021-09-24,"daily"
2548,2021-09-25,"daily"
2549,2021-09-26,"daily"
2550,2021-09-27,"daily"
2551,2021-09-28,"daily"
2552,2021-09-29,"daily"
2553,2021-09-30,"daily"
2554,2021-10-01,"daily"
2555,2021-10-01,"monthly"
2556,2021-10-02,"daily"
2557,2021-10-03,"daily"
2558,2021-10-04,"daily"
2559,2021-10-05,"daily"
2560,2021-10-06,"daily"
2561,2021-10-07,"daily"
2562,2021-10-08,"daily"
2563,2021-10-09,"daily"
2564,2021-10-10,"daily"
2565,2021-10-11,"daily"
2566,2021-10-12,"daily"
2567,2021-10-13,"daily"
2568,2021-10-14,"daily"
2569,2021-10-15,"daily"
2570,2021-10-16,"daily"
2571,2021-10-17,"daily"
2572,2021-10-18,"daily"
2573,2021-10-19,"daily"
2574,2021-10-20,"daily"
2575,2021-10-21,"daily"
2576,2021-10-22,"daily"
2577,2021-10-23,"daily"
2578,2021-10-24,"daily"
2579,2021-10-25,"daily"
2580,2021-10-26,"daily"
2581,2021-10-27,"daily"
2582,2021-10-28,"daily"
2583,2021-10-29,"daily"
2584,2021-10-30,"daily"
2585,2021-10-31,"daily"
2586,2021-11-01,"daily"
2587,2021-11-01,"monthly"
2588,2021-11-02,"daily"
2589,2021-11-03,"daily"
2590,2021-11-04,"daily"
2591,2021-11-05,"daily"
2592,2021-11-06,"daily"
2593,2021-11-07,"daily"
2594,2021-11-08,"daily"
2595,2021-11-09,"daily"
2596,2021-11-10,"daily"
2597,2021-11-11,"daily"
2598,2021-11-12,"daily"
2599,2021-11-13,"daily"
2600,2021-11-14,"daily"
2601,2021-11-15,"daily"
2602,2021-11-16,"daily"
2603,2021-11-17,"daily"
2604,2021-11-18,"daily"
2605,2021-11-19,"daily"
2606,2021-11-20,"daily"
2607,2021-11-21,"daily"
2608,2021-11-22,"daily"
2609,2021-11-23,"daily"
2610,2021-11-24,"daily"
2611,2021-11-25,"daily"
2612,2021-11-26,"daily"
2613,2021-11-27,"daily"
2614,2021-11-28,"daily"
2615,2021-11-29,"daily"
2616,2021-11-30,"daily"
2617,2021-12-01,"daily"
2618,2021-12-01,"monthly"
2619,2021-12-02,"daily"
2620,2021-12-03,"daily"
2621,2021-12-04,"daily"
2622,2021-12-05,"daily"
2623,2021-12-06,"daily"
2624,2021-12-07,"daily"
2625,2021-12-08,"daily"
2626,2021-12-09,"daily"
2627,2021-12-10,"daily"
2628,2021-12-11,"daily"
2629,2021-12-12,"daily"
2630,2021-12-13,"daily"
2631,2021-12-14,"daily"
2632,2021-12-15,"daily"
2633,2021-12-16,"daily"
2634,2021-12-17,"daily"
2635,2021-12-18,"daily"
2636,2021-12-19,"daily"
2637,2021-12-20,"daily"
2638,2021-12-21,"daily"
2639,2021-12-22,"daily"
2640,2021-12-23,"daily"
2641,2021-12-24,"daily"
2642,2021-12-25,"daily"
2643,2021-12-26,"daily"
2644,2021-12-27,"daily"
2645,2021-12-28,"daily"
2646,2021-12-29,"daily"
2647,2021-12-30,"daily"
2648,2021-12-31,"daily"
2649,2022-01-01,"daily"
2650,2022-01-01,"monthly"
2651,2022-01-01,"yearly"
2652,2022-01-02,"daily"
2653,2022-01-03,"daily"
2654,2022-01-04,"daily"
2655,2022-01-05,"daily"
2656,2022-01-06,"daily"
2657,2022-01-07,"daily"
2658,2022-01-08,"daily"
2659,2022-01-09,"daily"
2660,2022-01-10,"daily"
2661,2022-01-11,"daily"
2662,2022-01-12,"daily"
2663,2022-01-13,"daily"
2664,2022-01-14,"daily"
2665,2022-01-15,"daily"
2666,2022-01-16,"daily"
2667,2022-01-17,"daily"
2668,2022-01-18,"daily"
2669,2022-01-19,"daily"
2670,2022-01-20,"daily"
2671,2022-01-21,"daily"
2672,2022-01-22,"daily"
2673,2022-01-23,"daily"
2674,2022-01-24,"daily"
2675,2022-01-25,"daily"
2676,2022-01-26,"daily"
2677,2022-01-27,"daily"
2678,2022-01-28,"daily"
2679,2022-01-29,"daily"
2680,2022-01-30,"daily"
2681,2022-01-31,"daily"
2682,2022-02-01,"daily"
2683,2022-02-01,"monthly"
2684,2022-02-02,"daily"
2685,2022-02-03,"daily"
2686,2022-02-04,"daily"
2687,2022-02-05,"daily"
2688,2022-02-06,"daily"
2689,2022-02-07,"daily"
2690,2022-02-08,"daily"
2691,2022-02-09,"daily"
2692,2022-02-10,"daily"
2693,2022-02-11,"daily"
2694,2022-02-12,"daily"
2695,2022-02-13,"daily"
2696,2022-02-14,"daily"
2697,2022-02-15,"daily"
2698,2022-02-16,"daily"
2699,2022-02-17,"daily"
2700,2022-02-18,"daily"
2701,2022-02-19,"daily"
2702,2022-02-20,"daily"
2703,2022-02-21,"daily"
2704,2022-02-22,"daily"
2705,2022-02-23,"daily"
2706,2022-02-24,"daily"
2707,2022-02-25,"daily"
2708,2022-02-26,"daily"
2709,2022-02-27,"daily"
2710,2022-02-28,"daily"
2711,2022-03-01,"daily"
2712,2022-03-01,"monthly"
2713,2022-03-02,"daily"
2714,2022-03-03,"daily"
2715,2022-03-04,"daily"
2716,2022-03-05,"daily"
2717,2022-03-06,"daily"
2718,2022-03-07,"daily"
2719,2022-03-08,"daily"
2720,2022-03-09,"daily"
2721,2022-03-10,"daily"
2722,2022-03-11,"daily"
2723,2022-03-12,"daily"
2724,2022-03-13,"daily"
2725,2022-03-14,"daily"
2726,2022-03-15,"daily"
2727,2022-03-16,"daily"
2728,2022-03-17,"daily"
2729,2022-03-18,"daily"
2730,2022-03-19,"daily"
2731,2022-03-20,"daily"
2732,2022-03-21,"daily"
2733,2022-03-22,"daily"
2734,2022-03-23,"daily"
2735,2022-03-24,"daily"
2736,2022-03-25,"daily"
2737,2022-03-26,"daily"
2738,2022-03-27,"daily"
2739,2022-03-28,"daily"
2740,2022-03-29,"daily"
2741,2022-03-30,"daily"
2742,2022-03-31,"daily"
2743,2022-04-01,"daily"
2744,2022-04-01,"monthly"
2745,2022-04-02,"daily"
2746,2022-04-03,"daily"
2747,2022-04-04,"daily"
2748,2022-04-05,"daily"
2749,2022-04-06,"daily"
2750,2022-04-07,"daily"
2751,2022-04-08,"daily"
2752,2022-04-09,"daily"
2753,2022-04-10,"daily"
2754,2022-04-11,"daily"
2755,2022-04-12,"daily"
2756,2022-04-13,"daily"
2757,2022-04-14,"daily"
2758,2022-04-15,"daily"
2759,2022-04-16,"daily"
2760,2022-04-17,"daily"
2761,2022-04-18,"daily"
2762,2022-04-19,"daily"
2763,2022-04-20,"daily"
2764,2022-04-21,"daily"
2765,2022-04-22,"daily"
2766,2022-04-23,"daily"
2767,2022-04-24,"daily"
2768,2022-04-25,"daily"
2769,2022-04-26,"daily"
2770,2022-04-27,"daily"
2771,2022-04-28,"daily"
2772,2022-04-29,"daily"
2773,2022-04-30,"daily"
2774,2022-05-01,"daily"
2775,2022-05-01,"monthly"
2776,2022-05-02,"daily"
2777,2022-05-03,"daily"
2778,2022-05-04,"daily"
2779,2022-05-05,"daily"
2780,2022-05-06,"daily"
2781,2022-05-07,"daily"
2782,2022-05-08,"daily"
2783,2022-05-09,"daily"
2784,2022-05-10,"daily"
2785,2022-05-11,"daily"
2786,2022-05-12,"daily"
2787,2022-05-13,"daily"
2788,2022-05-14,"daily"
2789,2022-05-15,"daily"
2790,2022-05-16,"daily"
2791,2022-05-17,"daily"
2792,2022-05-18,"daily"
2793,2022-05-19,"daily"
2794,2022-05-20,"daily"
2795,2022-05-21,"daily"
2796,2022-05-22,"daily"
2797,2022-05-23,"daily"
2798,2022-05-24,"daily"
2799,2022-05-25,"daily"
2800,2022-05-26,"daily"
2801,2022-05-27,"daily"
2802,2022-05-28,"daily"
2803,2022-05-29,"daily"
2804,2022-05-30,"daily"
2805,2022-05-31,"daily"
2806,2022-06-01,"daily"
2807,2022-06-01,"monthly"
2808,2022-06-02,"daily"
2809,2022-06-03,"daily"
2810,2022-06-04,"daily"
2811,2022-06-05,"daily"
2812,2022-06-06,"daily"
2813,2022-06-07,"daily"
2814,2022-06-08,"daily"
2815,2022-06-09,"daily"
2816,2022-06-10,"daily"
2817,2022-06-11,"daily"
2818,2022-06-12,"daily"
2819,2022-06-13,"daily"
2820,2022-06-14,"daily"
2821,2022-06-15,"daily"
2822,2022-06-16,"daily"
2823,2022-06-17,"daily"
2824,2022-06-18,"daily"
2825,2022-06-19,"daily"
2826,2022-06-20,"daily"
2827,2022-06-21,"daily"
2828,2022-06-22,"daily"
2829,2022-06-23,"daily"
2830,2022-06-24,"daily"
2831,2022-06-25,"daily"
2832,2022-06-26,"daily"
2833,2022-06-27,"daily"
2834,2022-06-28,"daily"
2835,2022-06-29,"daily"
2836,2022-06-30,"daily"
2837,2022-07-01,"daily"
2838,2022-07-01,"monthly"
2839,2022-07-02,"daily"
2840,2022-07-03,"daily"
2841,2022-07-04,"daily"
2842,2022-07-05,"daily"
2843,2022-07-06,"daily"
2844,2022-07-07,"daily"
2845,2022-07-08,"daily"
2846,2022-07-09,"daily"
2847,2022-07-10,"daily"
2848,2022-07-11,"daily"
2849,2022-07-12,"daily"
2850,2022-07-13,"daily"
2851,2022-07-14,"daily"
2852,2022-07-15,"daily"
2853,2022-07-16,"daily"
2854,2022-07-17,"daily"
2855,2022-07-18,"daily"
2856,2022-07-19,"daily"
2857,2022-07-20,"daily"
2858,2022-07-21,"daily"
2859,2022-07-22,"daily"
2860,2022-07-23,"daily"
2861,2022-07-24,"daily"
2862,2022-07-25,"daily"
2863,2022-07-26,"daily"
2864,2022-07-27,"daily"
2865,2022-07-28,"daily"
2866,2022-07-29,"daily"
2867,2022-07-30,"daily"
2868,2022-07-31,"daily"
2869,2022-08-01,"daily"
2870,2022-08-01,"monthly"
2871,2022-08-02,"daily"
2872,2022-08-03,"daily"
2873,2022-08-04,"daily"
2874,2022-08-05,"daily"
2875,2022-08-06,"daily"
2876,2022-08-07,"daily"
2877,2022-08-08,"daily"
2878,2022-08-09,"daily"
2879,2022-08-10,"daily"
2880,2022-08-11,"daily"
2881,2022-08-12,"daily"
2882,2022-08-13,"daily"
2883,2022-08-14,"daily"
2884,2022-08-15,"daily"
2885,2022-08-16,"daily"
2886,2022-08-17,"daily"
2887,2022-08-18,"daily"
2888,2022-08-19,"daily"
2889,2022-08-20,"daily"
2890,2022-08-21,"daily"
2891,2022-08-22,"daily"
2892,2022-08-23,"daily"
2893,2022-08-24,"daily"
2894,2022-08-25,"daily"
2895,2022-08-26,"daily"
2896,2022-08-27,"daily"
2897,2022-08-28,"daily"
2898,2022-08-29,"daily"
2899,2022-08-30,"daily"
2900,2022-08-31,"daily"
2901,2022-09-01,"daily"
2902,2022-09-01,"monthly"
2903,2022-09-02,"daily"
2904,2022-09-03,"daily"
2905,2022-09-04,"daily"
2906,2022-09-05,"daily"
2907,2022-09-06,"daily"
2908,2022-09-07,"daily"
2909,2022-09-08,"daily"
2910,2022-09-09,"daily"
2911,2022-09-10,"daily"
2912,2022-09-11,"daily"
2913,2022-09-12,"daily"
2914,2022-09-13,"daily"
2915,2022-09-14,"daily"
2916,2022-09-15,"daily"
2917,2022-09-16,"daily"
2918,2022-09-17,"daily"
2919,2022-09-18,"daily"
2920,2022-09-19,"daily"
2921,2022-09-20,"daily"
2922,2022-09-21,"daily"
2923,2022-09-22,"daily"
2924,2022-09-23,"daily"
2925,2022-09-24,"daily"
2926,2022-09-25,"daily"
2927,2022-09-26,"daily"
2928,2022-09-27,"daily"
2929,2022-09-28,"daily"
2930,2022-09-29,"daily"
2931,2022-09-30,"daily"
2932,2022-10-01,"daily"
2933,2022-10-01,"monthly"
2934,2022-10-02,"daily"
2935,2022-10-03,"daily"
2936,2022-10-04,"daily"
2937,2022-10-05,"daily"
2938,2022-10-06,"daily"
2939,2022-10-07,"daily"
2940,2022-10-08,"daily"
2941,2022-10-09,"daily"
2942,2022-10-10,"daily"
2943,2022-10-11,"daily"
2944,2022-10-12,"daily"
2945,2022-10-13,"daily"
2946,2022-10-14,"daily"
2947,2022-10-15,"daily"
2948,2022-10-16,"daily"
2949,2022-10-17,"daily"
2950,2022-10-18,"daily"
2951,2022-10-19,"daily"
2952,2022-10-20,"daily"
2953,2022-10-21,"daily"
2954,2022-10-22,"daily"
2955,2022-10-23,"daily"
2956,2022-10-24,"daily"
2957,2022-10-25,"daily"
2958,2022-10-26,"daily"
2959,2022-10-27,"daily"
2960,2022-10-28,"daily"
2961,2022-10-29,"daily"
2962,2022-10-30,"daily"
2963,2022-10-31,"daily"
2964,2022-11-01,"daily"
2965,2022-11-01,"monthly"
2966,2022-11-02,"daily"
2967,2022-11-03,"daily"
2968,2022-11-04,"daily"
2969,2022-11-05,"daily"
2970,2022-11-06,"daily"
2971,2022-11-07,"daily"
2972,2022-11-08,"daily"
2973,2022-11-09,"daily"
2974,2022-11-10,"daily"
2975,2022-11-11,"daily"
2976,2022-11-12,"daily"
2977,2022-11-13,"daily"
2978,2022-11-14,"daily"
2979,2022-11-15,"daily"
2980,2022-11-16,"daily"
2981,2022-11-17,"daily"
2982,2022-11-18,"daily"
2983,2022-11-19,"daily"
2984,2022-11-20,"daily"
2985,2022-11-21,"daily"
2986,2022-11-22,"daily"
2987,2022-11-23,"daily"
2988,2022-11-24,"daily"
2989,2022-11-25,"daily"
2990,2022-11-26,"daily"
2991,2022-11-27,"daily"
2992,2022-11-28,"daily"
2993,2022-11-29,"daily"
2994,2022-11-30,"daily"
2995,2022-12-01,"daily"
2996,2022-12-01,"monthly"
2997,2022-12-02,"daily"
2998,2022-12-03,"daily"
2999,2022-12-04,"daily"
3000,2022-12-05,"daily"
3001,2022-12-06,"daily"
3002,2022-12-07,"daily"
3003,2022-12-08,"daily"
3004,2022-12-09,"daily"
3005,2022-12-10,"daily"
3006,2022-12-11,"daily"
3007,2022-12-12,"daily"
3008,2022-12-13,"daily"
3009,2022-12-14,"daily"
3010,2022-12-15,"daily"
3011,2022-12-16,"daily"
3012,2022-12-17,"daily"
3013,2022-12-18,"daily"
3014,2022-12-19,"daily"
3015,2022-12-20,"daily"
3016,2022-12-21,"daily"
3017,2022-12-22,"daily"
3018,2022-12-23,"daily"
3019,2022-12-24,"daily"
3020,2022-12-25,"daily"
3021,2022-12-26,"daily"
3022,2022-12-27,"daily"
3023,2022-12-28,"daily"
3024,2022-12-29,"daily"
3025,2022-12-30,"daily"
3026,2022-12-31,"daily"
